caseId,stratum,machineDecision,machineConfidence,evidenceStatus,evidenceLabel,evidenceType,evidence,reviewer,source,sourceId,sourceName,sourceCategory,candidateId,candidateName,candidateCategory,distanceMeters,humanLabel,humanReviewer,humanEvidenceReference,humanNotes
DUPLICATE:osm:node:10292550606:overture:25ca5061-2887-48c0-9d7b-ce06fecefc82,SOURCE_DUPLICATE,SOURCE_DUPLICATE,1,MACHINE_SUGGESTED,UNCERTAIN,INSUFFICIENT_INDEPENDENT_EVIDENCE,[],PENDING_HUMAN_REVIEW,osm,osm:node:10292550606,Coffee Nano,cafe,overture:25ca5061-2887-48c0-9d7b-ce06fecefc82,NANO coffee,cafe,6.44,,,,
DUPLICATE:osm:node:12002534969:overture:6c6ff61a-8a74-4912-bee2-93049a9276bb,SOURCE_DUPLICATE,SOURCE_DUPLICATE,0.98,EVIDENCE_SUPPORTED,DUPLICATE_SAME_PLACE,EXACT_PHONE_LINKAGE,"[""phone=+84932587890""]",STAGE4I_STRUCTURED_EVIDENCE_V1,osm,osm:node:12002534969,GỐM Garden Coffee,cafe,overture:6c6ff61a-8a74-4912-bee2-93049a9276bb,Gốm Garden Cafe and Bánh,cafe,16.1,,,,
DUPLICATE:osm:node:12165826954:overture:569db4d7-321f-422b-b286-b9a6e7e58f61,SOURCE_DUPLICATE,SOURCE_DUPLICATE,1,MACHINE_SUGGESTED,UNCERTAIN,INSUFFICIENT_INDEPENDENT_EVIDENCE,[],PENDING_HUMAN_REVIEW,osm,osm:node:12165826954,Highlands Coffee,cafe,overture:569db4d7-321f-422b-b286-b9a6e7e58f61,Highlands Coffee,cafe,31.28,,,,
DUPLICATE:osm:node:12169743837:overture:38d5545f-e15c-4875-89c5-92a5c1f9c711,SOURCE_DUPLICATE,SOURCE_DUPLICATE,1,MACHINE_SUGGESTED,UNCERTAIN,INSUFFICIENT_INDEPENDENT_EVIDENCE,[],PENDING_HUMAN_REVIEW,osm,osm:node:12169743837,Pizza House,restaurant,overture:38d5545f-e15c-4875-89c5-92a5c1f9c711,Pizza House,restaurant,12.47,,,,
DUPLICATE:osm:node:12422104201:overture:0970883a-bd42-4120-8c0e-1106a6711309,SOURCE_DUPLICATE,SOURCE_DUPLICATE,1,MACHINE_SUGGESTED,UNCERTAIN,INSUFFICIENT_INDEPENDENT_EVIDENCE,[],PENDING_HUMAN_REVIEW,osm,osm:node:12422104201,Hủ Tiếu Kỳ Kỳ,restaurant,overture:0970883a-bd42-4120-8c0e-1106a6711309,Hủ Tiếu Kỳ Kỳ,restaurant,8.46,,,,
DUPLICATE:osm:node:12912346694:overture:b6ffb42b-2c95-45d6-9472-56fc29b1ad09,SOURCE_DUPLICATE,SOURCE_DUPLICATE,0.98,EVIDENCE_SUPPORTED,DUPLICATE_SAME_PLACE,EXACT_PHONE_LINKAGE,"[""phone=+84905008184""]",STAGE4I_STRUCTURED_EVIDENCE_V1,osm,osm:node:12912346694,Shala Nhà Chay,restaurant,overture:b6ffb42b-2c95-45d6-9472-56fc29b1ad09,Shala Vegan House,restaurant,32.01,,,,
DUPLICATE:osm:node:13421486901:overture:99cac397-6ba0-4d69-aca9-b3db5a402e89,SOURCE_DUPLICATE,SOURCE_DUPLICATE,1,MACHINE_SUGGESTED,UNCERTAIN,INSUFFICIENT_INDEPENDENT_EVIDENCE,[],PENDING_HUMAN_REVIEW,osm,osm:node:13421486901,Highlands Coffee,cafe,overture:99cac397-6ba0-4d69-aca9-b3db5a402e89,Highlands Coffee,cafe,6.82,,,,
DUPLICATE:osm:node:13724829101:overture:82b2cab7-bd18-4c7b-abca-33620dee7f1f,SOURCE_DUPLICATE,SOURCE_DUPLICATE,1,MACHINE_SUGGESTED,UNCERTAIN,INSUFFICIENT_INDEPENDENT_EVIDENCE,[],PENDING_HUMAN_REVIEW,osm,osm:node:13724829101,Totoro Nướng & Sushi,restaurant,overture:82b2cab7-bd18-4c7b-abca-33620dee7f1f,Totoro Nướng & Sushi,restaurant,2.6,,,,
DUPLICATE:osm:node:4352266389:overture:64519d75-debb-442e-a689-f5d2f5927a54,SOURCE_DUPLICATE,SOURCE_DUPLICATE,1,MACHINE_SUGGESTED,UNCERTAIN,INSUFFICIENT_INDEPENDENT_EVIDENCE,[],PENDING_HUMAN_REVIEW,osm,osm:node:4352266389,Burger Bros,restaurant,overture:64519d75-debb-442e-a689-f5d2f5927a54,Burger Bros,restaurant,21.35,,,,
DUPLICATE:osm:node:4612193833:wikidata:Q111862543,SOURCE_DUPLICATE,SOURCE_DUPLICATE,1,MACHINE_SUGGESTED,UNCERTAIN,INSUFFICIENT_INDEPENDENT_EVIDENCE,[],PENDING_HUMAN_REVIEW,osm,osm:node:4612193833,Sea Phoenix Hotel,accommodation,wikidata:Q111862543,Sea Phoenix Hotel Da Nang,accommodation,34.8,,,,
DUPLICATE:osm:node:5273998823:wikidata:Q7833322,SOURCE_DUPLICATE,SOURCE_DUPLICATE,1,MACHINE_SUGGESTED,UNCERTAIN,INSUFFICIENT_INDEPENDENT_EVIDENCE,[],PENDING_HUMAN_REVIEW,osm,osm:node:5273998823,Cầu Trần Thị Lý,attraction,wikidata:Q7833322,Cầu Trần Thị Lý,bridge,12.89,,,,
DUPLICATE:osm:node:6109480851:overture:5e49dcd9-56bf-4634-9396-c6e66f894694,SOURCE_DUPLICATE,SOURCE_DUPLICATE,1,MACHINE_SUGGESTED,UNCERTAIN,INSUFFICIENT_INDEPENDENT_EVIDENCE,[],PENDING_HUMAN_REVIEW,osm,osm:node:6109480851,Issun Boshi,restaurant,overture:5e49dcd9-56bf-4634-9396-c6e66f894694,Issun Boshi,restaurant,7.29,,,,
DUPLICATE:osm:node:6152597685:overture:273a1e68-3d7f-453a-bd69-62376dfc9bd3,SOURCE_DUPLICATE,SOURCE_DUPLICATE,1,MACHINE_SUGGESTED,UNCERTAIN,INSUFFICIENT_INDEPENDENT_EVIDENCE,[],PENDING_HUMAN_REVIEW,osm,osm:node:6152597685,Bánh mì chấm Pate,restaurant,overture:273a1e68-3d7f-453a-bd69-62376dfc9bd3,Bánh Mì Chấm Pate,restaurant,47.53,,,,
DUPLICATE:osm:node:6643623494:overture:4b4cf153-a19a-4cbe-9598-89d96797bce0,SOURCE_DUPLICATE,SOURCE_DUPLICATE,1,MACHINE_SUGGESTED,UNCERTAIN,INSUFFICIENT_INDEPENDENT_EVIDENCE,[],PENDING_HUMAN_REVIEW,osm,osm:node:6643623494,D&C Hotel,accommodation,overture:4b4cf153-a19a-4cbe-9598-89d96797bce0,D&C Danang Hotel,accommodation,13.23,,,,
DUPLICATE:osm:way:1076716240:overture:c0597495-d93f-4f31-968a-2274545b7405,SOURCE_DUPLICATE,SOURCE_DUPLICATE,1,MACHINE_SUGGESTED,UNCERTAIN,INSUFFICIENT_INDEPENDENT_EVIDENCE,[],PENDING_HUMAN_REVIEW,osm,osm:way:1076716240,Trường Tiểu học Lê Bá Trinh,market,overture:c0597495-d93f-4f31-968a-2274545b7405,Truong tieu hoc Le Ba Trinh,market,4.99,,,,
DUPLICATE:osm:way:372316060:overture:ff168284-267a-4ffd-8295-48964e3f1a8e,SOURCE_DUPLICATE,SOURCE_DUPLICATE,1,MACHINE_SUGGESTED,UNCERTAIN,INSUFFICIENT_INDEPENDENT_EVIDENCE,[],PENDING_HUMAN_REVIEW,osm,osm:way:372316060,Bệnh viện Phổi Đà Nẵng,hospital,overture:ff168284-267a-4ffd-8295-48964e3f1a8e,Bệnh viện Phổi Đà Nẵng,hospital,43.63,,,,
DUPLICATE:osm:way:693441028:overture:4eb36e6f-d99d-4f8c-b144-ee03246be1cd,SOURCE_DUPLICATE,SOURCE_DUPLICATE,1,MACHINE_SUGGESTED,UNCERTAIN,INSUFFICIENT_INDEPENDENT_EVIDENCE,[],PENDING_HUMAN_REVIEW,osm,osm:way:693441028,Đình Mỹ Khê,place_of_worship,overture:4eb36e6f-d99d-4f8c-b144-ee03246be1cd,Đình Mỹ Khê,place_of_worship,42.45,,,,
DUPLICATE:osm:way:694479601:overture:e12d6734-0917-4452-8f09-b6a0fa1ae93b,SOURCE_DUPLICATE,SOURCE_DUPLICATE,1,MACHINE_SUGGESTED,UNCERTAIN,INSUFFICIENT_INDEPENDENT_EVIDENCE,[],PENDING_HUMAN_REVIEW,osm,osm:way:694479601,Nhà thờ Tin lành Tân An,place_of_worship,overture:e12d6734-0917-4452-8f09-b6a0fa1ae93b,Nha Tho Tin Lanh Tan An Da Nang,place_of_worship,24.92,,,,
DUPLICATE:overture:00e0454d-b668-4865-b896-cf9b828b6a9c:overture:84a0612a-209c-4b1b-883e-517be8e31b8a,SOURCE_DUPLICATE,SOURCE_DUPLICATE,0.98,EVIDENCE_SUPPORTED,DUPLICATE_SAME_PLACE,EXACT_PHONE_LINKAGE,"[""phone=+84911051444""]",STAGE4I_STRUCTURED_EVIDENCE_V1,overture,overture:00e0454d-b668-4865-b896-cf9b828b6a9c,Gà Nướng Cơm Lam,restaurant,overture:84a0612a-209c-4b1b-883e-517be8e31b8a,Buffet Opera,casual,31.84,,,,
DUPLICATE:overture:05bbfc6d-3146-48f9-8e25-739f482243a6:overture:35e419ae-8bc5-4e31-9ae5-00cd29fc4673,SOURCE_DUPLICATE,SOURCE_DUPLICATE,0.98,EVIDENCE_SUPPORTED,DUPLICATE_SAME_PLACE,EXACT_PHONE_LINKAGE,"[""phone=+84888888416""]",STAGE4I_STRUCTURED_EVIDENCE_V1,overture,overture:05bbfc6d-3146-48f9-8e25-739f482243a6,Quần Tây Âu Kaki short Trần áo Sơ Mi trắng Nam thuê áo đi biển team building,clothing,overture:35e419ae-8bc5-4e31-9ae5-00cd29fc4673,Vest Nam Han Quoc,mens,13.29,,,,
DUPLICATE:overture:0b484a1d-2c8b-4773-978d-cb0b5a5a3c65:overture:d5615d4b-1477-4117-a2bf-9715e51d8ce5,SOURCE_DUPLICATE,SOURCE_DUPLICATE,0.98,EVIDENCE_SUPPORTED,DUPLICATE_SAME_PLACE,EXACT_PHONE_LINKAGE,"[""phone=+84708084444""]",STAGE4I_STRUCTURED_EVIDENCE_V1,overture,overture:0b484a1d-2c8b-4773-978d-cb0b5a5a3c65,Bàn Ghế Gaming Đà Nẵng,industrial,overture:d5615d4b-1477-4117-a2bf-9715e51d8ce5,Sky Computer - Build Pc Hi-end - Gaming Gear - Laptop Giá Rẻ,computer,5.66,,,,
DUPLICATE:overture:15557e0f-2e87-42b5-a494-0173090c34ab:overture:e2702b75-fa9f-4a79-bc1f-feefa646d219,SOURCE_DUPLICATE,SOURCE_DUPLICATE,0.98,EVIDENCE_SUPPORTED,DUPLICATE_SAME_PLACE,EXACT_PHONE_LINKAGE,"[""phone=+84943747123""]",STAGE4I_STRUCTURED_EVIDENCE_V1,overture,overture:15557e0f-2e87-42b5-a494-0173090c34ab,Nội thất-phụ kiện ôtô giá rẽ Đà Nẵng,automotive,overture:e2702b75-fa9f-4a79-bc1f-feefa646d219,268 AUTO-Trung Tâm Chăm Sóc Xe Chuyên Nghiệp Đà Nẵng,automotive,47.6,,,,
DUPLICATE:overture:196c2fbc-8843-4711-8a6a-48126406d8a9:overture:bb7299d7-123c-45cc-b11d-0e6b17da45b7,SOURCE_DUPLICATE,SOURCE_DUPLICATE,0.98,EVIDENCE_SUPPORTED,DUPLICATE_SAME_PLACE,EXACT_PHONE_LINKAGE,"[""phone=+84909119119""]",STAGE4I_STRUCTURED_EVIDENCE_V1,overture,overture:196c2fbc-8843-4711-8a6a-48126406d8a9,Cứu hộ Giao thông,ambulance,overture:bb7299d7-123c-45cc-b11d-0e6b17da45b7,Công Ty Liên Hợp Vận Tải và Du Lịch Vitraco,tours,2.46,,,,
DUPLICATE:overture:1af92a20-3a35-4053-8fe0-df40b453ffd7:overture:55e59fd0-cda2-4c9c-a319-18ea79256756,SOURCE_DUPLICATE,SOURCE_DUPLICATE,0.98,EVIDENCE_SUPPORTED,DUPLICATE_SAME_PLACE,EXACT_PHONE_LINKAGE,"[""phone=+842363556999""]",STAGE4I_STRUCTURED_EVIDENCE_V1,overture,overture:1af92a20-3a35-4053-8fe0-df40b453ffd7,KOI Resort & Residence Da Nang,resort,overture:55e59fd0-cda2-4c9c-a319-18ea79256756,Manta Club Da Nang,bar,0,,,,
DUPLICATE:overture:1b6cb0d9-4b62-4ddc-8d22-4c7b8ff8bf74:overture:50dcf16d-3636-496f-a7a6-fb112bd3935e,SOURCE_DUPLICATE,SOURCE_DUPLICATE,0.98,EVIDENCE_SUPPORTED,DUPLICATE_SAME_PLACE,EXACT_PHONE_LINKAGE,"[""phone=+84901455553""]",STAGE4I_STRUCTURED_EVIDENCE_V1,overture,overture:1b6cb0d9-4b62-4ddc-8d22-4c7b8ff8bf74,"Cho Thuê Khách Sạn, Homestay, Nhà và Đất tại Đà Nẵng - Hội An.",real,overture:50dcf16d-3636-496f-a7a6-fb112bd3935e,Bia Rượu Nhập Khẩu Đà Nẵng,liquor,0,,,,
DUPLICATE:overture:1b72d100-f600-4b69-88cc-db7d1e820bd7:overture:42f298b2-3143-465b-a4b7-f3dbaaa7b6ad,SOURCE_DUPLICATE,SOURCE_DUPLICATE,0.98,EVIDENCE_SUPPORTED,DUPLICATE_SAME_PLACE,EXACT_PHONE_LINKAGE,"[""phone=+84777488798""]",STAGE4I_STRUCTURED_EVIDENCE_V1,overture,overture:1b72d100-f600-4b69-88cc-db7d1e820bd7,Kệ Để Bình Nước,event,overture:42f298b2-3143-465b-a4b7-f3dbaaa7b6ad,Máy Hút Bụi Công Nghiệp Đà Nẵng,home,0,,,,
DUPLICATE:overture:1dce6a32-f23c-4d83-aba2-d8ac5c2d0b3f:overture:8439766c-3525-49fe-abb4-cdcd5962d471,SOURCE_DUPLICATE,SOURCE_DUPLICATE,0.98,EVIDENCE_SUPPORTED,DUPLICATE_SAME_PLACE,EXACT_PHONE_LINKAGE,"[""phone=+842363843943""]",STAGE4I_STRUCTURED_EVIDENCE_V1,overture,overture:1dce6a32-f23c-4d83-aba2-d8ac5c2d0b3f,Mai Anh Home,home,overture:8439766c-3525-49fe-abb4-cdcd5962d471,NAM ANH,retail,70.19,,,,
DUPLICATE:overture:1fa25d39-ea2a-444b-8293-bc6aa050cfee:overture:ef872df8-53b3-4cba-a28d-841989bc6c73,SOURCE_DUPLICATE,SOURCE_DUPLICATE,0.98,EVIDENCE_SUPPORTED,DUPLICATE_SAME_PLACE,EXACT_PHONE_LINKAGE,"[""phone=+84919601967""]",STAGE4I_STRUCTURED_EVIDENCE_V1,overture,overture:1fa25d39-ea2a-444b-8293-bc6aa050cfee,Họa Sĩ Nhí,tutoring,overture:ef872df8-53b3-4cba-a28d-841989bc6c73,Bia Của Tui,shoe,42.16,,,,
DUPLICATE:overture:2035d133-1372-48a3-af51-dcb42ec4a617:overture:7e298aaa-b282-4a6a-a8b9-6ce40fb95d53,SOURCE_DUPLICATE,SOURCE_DUPLICATE,0.98,EVIDENCE_SUPPORTED,DUPLICATE_SAME_PLACE,EXACT_PHONE_LINKAGE,"[""phone=+84905456778""]",STAGE4I_STRUCTURED_EVIDENCE_V1,overture,overture:2035d133-1372-48a3-af51-dcb42ec4a617,Bia Hơi 39,restaurant,overture:7e298aaa-b282-4a6a-a8b9-6ce40fb95d53,Ốc Chảo Đà Nẵng,restaurant,10.82,,,,
DUPLICATE:overture:21faf095-318c-4409-aa74-2cfa55bab6ef:overture:557e3bd7-769c-46f5-ad36-3641c854e928,SOURCE_DUPLICATE,SOURCE_DUPLICATE,0.98,EVIDENCE_SUPPORTED,DUPLICATE_SAME_PLACE,EXACT_PHONE_LINKAGE,"[""phone=+84908333468""]",STAGE4I_STRUCTURED_EVIDENCE_V1,overture,overture:21faf095-318c-4409-aa74-2cfa55bab6ef,Diệt Mối Tận Gốc,pest,overture:557e3bd7-769c-46f5-ad36-3641c854e928,Lắp đặt và sữa chữa Camera tại Đà Nẵng,information,92.55,,,,
DUPLICATE:overture:2324dd3c-e866-4a8f-8d67-9a3c3b69dfa2:overture:9ecacbd5-7618-4d05-8e40-eca98a21e12d,SOURCE_DUPLICATE,SOURCE_DUPLICATE,0.98,EVIDENCE_SUPPORTED,DUPLICATE_SAME_PLACE,EXACT_PHONE_LINKAGE,"[""phone=+84795550225""]",STAGE4I_STRUCTURED_EVIDENCE_V1,overture,overture:2324dd3c-e866-4a8f-8d67-9a3c3b69dfa2,Công ty TNHH TRANG WOW travel,tours,overture:9ecacbd5-7618-4d05-8e40-eca98a21e12d,"Trang booking hotel, Villa Đà Nẵng, Hội An, Huế",accommodation,5.94,,,,
DUPLICATE:overture:24e0f540-f4f7-4e3a-b80f-d8e9df61e309:overture:dc4e0bf3-d218-4a2d-928f-ec7b573e3cad,SOURCE_DUPLICATE,SOURCE_DUPLICATE,0.98,EVIDENCE_SUPPORTED,DUPLICATE_SAME_PLACE,EXACT_PHONE_LINKAGE,"[""phone=+84905730599""]",STAGE4I_STRUCTURED_EVIDENCE_V1,overture,overture:24e0f540-f4f7-4e3a-b80f-d8e9df61e309,Thảo dược thế giới Đà Nẵng,shopping,overture:dc4e0bf3-d218-4a2d-928f-ec7b573e3cad,Cây thuốc nam Đà Nẵng,health,20.5,,,,
DUPLICATE:overture:27aef9c0-0525-4b05-b74f-81fb54819c1f:overture:c7268223-18c9-41c4-9cca-e18e84f23fa3,SOURCE_DUPLICATE,SOURCE_DUPLICATE,0.98,EVIDENCE_SUPPORTED,DUPLICATE_SAME_PLACE,EXACT_PHONE_LINKAGE,"[""phone=+84931967420""]",STAGE4I_STRUCTURED_EVIDENCE_V1,overture,overture:27aef9c0-0525-4b05-b74f-81fb54819c1f,Handmade Sinh Viên,souvenir,overture:c7268223-18c9-41c4-9cca-e18e84f23fa3,Xưởng Gối In Hình Theo Yêu Cầu,flowers,35.43,,,,
DUPLICATE:overture:2e33d033-df00-4c14-8376-0395da1679db:overture:c2d96ecd-7fdb-47ea-9bca-55fdb34cd9ef,SOURCE_DUPLICATE,SOURCE_DUPLICATE,0.98,EVIDENCE_SUPPORTED,DUPLICATE_SAME_PLACE,EXACT_PHONE_LINKAGE,"[""phone=+84964757597""]",STAGE4I_STRUCTURED_EVIDENCE_V1,overture,overture:2e33d033-df00-4c14-8376-0395da1679db,Safe Care Sc-1000 Gemtek/ Mỹ,biotechnology,overture:c2d96ecd-7fdb-47ea-9bca-55fdb34cd9ef,Nước rửa chén sinh học gemlee,biotechnology,52.91,,,,
DUPLICATE:overture:2efa5a45-1cb9-444e-9604-9f0acf7d8c65:overture:66bd4824-d8b6-4630-b3e0-e23254532b3b,SOURCE_DUPLICATE,SOURCE_DUPLICATE,0.98,EVIDENCE_SUPPORTED,DUPLICATE_SAME_PLACE,EXACT_PHONE_LINKAGE,"[""phone=+84914700220""]",STAGE4I_STRUCTURED_EVIDENCE_V1,overture,overture:2efa5a45-1cb9-444e-9604-9f0acf7d8c65,Little DaNang - Nướng Thảo Mộc,bar,overture:66bd4824-d8b6-4630-b3e0-e23254532b3b,FOR YOU SteakHouse,steakhouse,27.82,,,,
DUPLICATE:overture:2f430d5e-1f8f-4b17-990e-8e39493bd1a3:overture:57a485ed-20c0-448a-91f3-393958ddbc4e,SOURCE_DUPLICATE,SOURCE_DUPLICATE,0.98,EVIDENCE_SUPPORTED,DUPLICATE_SAME_PLACE,EXACT_PHONE_LINKAGE,"[""phone=+84905832983""]",STAGE4I_STRUCTURED_EVIDENCE_V1,overture,overture:2f430d5e-1f8f-4b17-990e-8e39493bd1a3,Toong JSC,pool,overture:57a485ed-20c0-448a-91f3-393958ddbc4e,NPP Máy Tạo Nước Pi Biontech Miền Trung,health,0,,,,
DUPLICATE:overture:3183a1f2-16ad-4687-b1a9-bcd3f713eb46:overture:32b9bd28-39c1-4f35-a199-925fa9caa9e2,SOURCE_DUPLICATE,SOURCE_DUPLICATE,0.98,EVIDENCE_SUPPORTED,DUPLICATE_SAME_PLACE,EXACT_PHONE_LINKAGE,"[""phone=+84935300619""]",STAGE4I_STRUCTURED_EVIDENCE_V1,overture,overture:3183a1f2-16ad-4687-b1a9-bcd3f713eb46,Bể bơi Nhân Thương,swimming,overture:32b9bd28-39c1-4f35-a199-925fa9caa9e2,Dạy bơi chất lương Đà Nẵng,swimming,2.69,,,,
DUPLICATE:overture:3513d16e-d378-4ec5-a344-5e795ad6aac9:overture:c4d86407-6426-4078-9233-455518585943,SOURCE_DUPLICATE,SOURCE_DUPLICATE,0.98,EVIDENCE_SUPPORTED,DUPLICATE_SAME_PLACE,EXACT_PHONE_LINKAGE,"[""phone=+84935678450""]",STAGE4I_STRUCTURED_EVIDENCE_V1,overture,overture:3513d16e-d378-4ec5-a344-5e795ad6aac9,MÁY TÍNh TiỀN,computer,overture:c4d86407-6426-4078-9233-455518585943,Lắp Camera Giá Rẻ Tại Đà Nẵng,unknown,0,,,,
DUPLICATE:overture:379c0294-5a94-4a8d-958f-9aa8b7a08b5a:overture:e826d241-4dcd-4d3a-87d1-1268a1e58ea9,SOURCE_DUPLICATE,SOURCE_DUPLICATE,0.98,EVIDENCE_SUPPORTED,DUPLICATE_SAME_PLACE,EXACT_PHONE_LINKAGE,"[""phone=+84905601691""]",STAGE4I_STRUCTURED_EVIDENCE_V1,overture,overture:379c0294-5a94-4a8d-958f-9aa8b7a08b5a,Hocthietkedanang,unknown,overture:e826d241-4dcd-4d3a-87d1-1268a1e58ea9,Áo thun theo yêu cầu ĐN,clothing,46.17,,,,
DUPLICATE:overture:39678244-d610-4b19-b751-758d2995c5e8:overture:e425eed2-357c-47c3-9512-2eade85df95a,SOURCE_DUPLICATE,SOURCE_DUPLICATE,0.98,EVIDENCE_SUPPORTED,DUPLICATE_SAME_PLACE,EXACT_PHONE_LINKAGE,"[""phone=+84922221232""]",STAGE4I_STRUCTURED_EVIDENCE_V1,overture,overture:39678244-d610-4b19-b751-758d2995c5e8,MrBee - Setup & Đào Tạo Pha Chế,bar,overture:e425eed2-357c-47c3-9512-2eade85df95a,Mister ßee,unknown,0,,,,
DUPLICATE:overture:44821159-2631-446f-abc5-7410090bfb55:overture:e82a7d4f-7394-4f1a-a496-b505bc0f38c8,SOURCE_DUPLICATE,SOURCE_DUPLICATE,0.98,EVIDENCE_SUPPORTED,DUPLICATE_SAME_PLACE,EXACT_PHONE_LINKAGE,"[""phone=+84974480518""]",STAGE4I_STRUCTURED_EVIDENCE_V1,overture,overture:44821159-2631-446f-abc5-7410090bfb55,Giường Tầng Đà Nẵng,unknown,overture:e82a7d4f-7394-4f1a-a496-b505bc0f38c8,Làm Bảng Hiệu,event,145.66,,,,
DUPLICATE:overture:44916785-93ba-44e9-bb76-69923041100e:overture:44db05a7-7d0f-4dc5-8b83-cb218228b532,SOURCE_DUPLICATE,SOURCE_DUPLICATE,0.98,EVIDENCE_SUPPORTED,DUPLICATE_SAME_PLACE,EXACT_PHONE_LINKAGE,"[""phone=+84967971565""]",STAGE4I_STRUCTURED_EVIDENCE_V1,overture,overture:44916785-93ba-44e9-bb76-69923041100e,Our june Wedding,professional,overture:44db05a7-7d0f-4dc5-8b83-cb218228b532,V.Studio,professional,61.23,,,,
DUPLICATE:overture:4566bd13-38a9-4a90-a278-876c18972f0e:overture:ad9dc3d6-594b-420a-98ef-d3fb55e3717d,SOURCE_DUPLICATE,SOURCE_DUPLICATE,0.98,EVIDENCE_SUPPORTED,DUPLICATE_SAME_PLACE,EXACT_PHONE_LINKAGE,"[""phone=+842363522222""]",STAGE4I_STRUCTURED_EVIDENCE_V1,overture,overture:4566bd13-38a9-4a90-a278-876c18972f0e,Traditional Coffee & Tea Lê Lợi,cafe,overture:ad9dc3d6-594b-420a-98ef-d3fb55e3717d,Dana Pearl Hotel,accommodation,31.41,,,,
DUPLICATE:overture:466a375b-9b9d-4dc2-b79f-0c88559865eb:overture:f3775fbc-8544-47ae-aa13-1809e99b2a3f,SOURCE_DUPLICATE,SOURCE_DUPLICATE,0.98,EVIDENCE_SUPPORTED,DUPLICATE_SAME_PLACE,EXACT_PHONE_LINKAGE,"[""phone=+84981461678""]",STAGE4I_STRUCTURED_EVIDENCE_V1,overture,overture:466a375b-9b9d-4dc2-b79f-0c88559865eb,Shop Patin CoCo - FPT Đà Nẵng,shopping,overture:f3775fbc-8544-47ae-aa13-1809e99b2a3f,Ván Trượt Tại Đà Nẵng,active,3.27,,,,
DUPLICATE:overture:4727e632-1222-47f7-bd37-694c4b3b8c1f:overture:c4ab6907-fef9-4736-a4ff-066da58ab312,SOURCE_DUPLICATE,SOURCE_DUPLICATE,0.98,EVIDENCE_SUPPORTED,DUPLICATE_SAME_PLACE,EXACT_PHONE_LINKAGE,"[""phone=+84934955759""]",STAGE4I_STRUCTURED_EVIDENCE_V1,overture,overture:4727e632-1222-47f7-bd37-694c4b3b8c1f,Make Up Phan,makeup,overture:c4ab6907-fef9-4736-a4ff-066da58ab312,Tiệm Áo Cưới Mai Phan,bridal,8.09,,,,
DUPLICATE:overture:4865e1a2-4fe6-4a86-8d83-d330e0a7f2d2:overture:5227879a-a766-4758-8ce4-db16779d521e,SOURCE_DUPLICATE,SOURCE_DUPLICATE,0.98,EVIDENCE_SUPPORTED,DUPLICATE_SAME_PLACE,EXACT_PHONE_LINKAGE,"[""phone=+84902936377""]",STAGE4I_STRUCTURED_EVIDENCE_V1,overture,overture:4865e1a2-4fe6-4a86-8d83-d330e0a7f2d2,Sơn hiệu ứng bê tông Miền Trung,professional,overture:5227879a-a766-4758-8ce4-db16779d521e,"Chống thấm INTOC Đà Nẵng, Quảng Nam",building,0,,,,
DUPLICATE:overture:4bf51895-0d05-449c-bd71-4090ac181c92:overture:8c1636d9-e65f-42e6-8591-0a76ac04aba7,SOURCE_DUPLICATE,SOURCE_DUPLICATE,0.98,EVIDENCE_SUPPORTED,DUPLICATE_SAME_PLACE,EXACT_PHONE_LINKAGE,"[""phone=+84931622626""]",STAGE4I_STRUCTURED_EVIDENCE_V1,overture,overture:4bf51895-0d05-449c-bd71-4090ac181c92,Ava Center_Tiếng Anh Đà Nẵng,education,overture:8c1636d9-e65f-42e6-8591-0a76ac04aba7,Hoang Grammar,market,2.91,,,,
DUPLICATE:overture:4d39c232-a2c1-4141-8652-f0a43eac9845:overture:76a3bfee-338e-4e5b-a3a4-b92ec586d4dd,SOURCE_DUPLICATE,SOURCE_DUPLICATE,0.98,EVIDENCE_SUPPORTED,DUPLICATE_SAME_PLACE,EXACT_PHONE_LINKAGE,"[""phone=+84888476769""]",STAGE4I_STRUCTURED_EVIDENCE_V1,overture,overture:4d39c232-a2c1-4141-8652-f0a43eac9845,Charice Cosmetics,professional,overture:76a3bfee-338e-4e5b-a3a4-b92ec586d4dd,Cua Hang The Gioi My Pham 44,cosmetic,146.81,,,,
DUPLICATE:overture:4da26b96-cd37-4265-9d7a-80f43fefb83d:overture:6836ba44-e83d-4f7d-9ba8-534264abff4e,SOURCE_DUPLICATE,SOURCE_DUPLICATE,0.98,EVIDENCE_SUPPORTED,DUPLICATE_SAME_PLACE,EXACT_PHONE_LINKAGE,"[""phone=+84914106098""]",STAGE4I_STRUCTURED_EVIDENCE_V1,overture,overture:4da26b96-cd37-4265-9d7a-80f43fefb83d,Trầm hương Tâm Việt - 54-56 Đinh Đạt,real,overture:6836ba44-e83d-4f7d-9ba8-534264abff4e,"Phòng thờ Tâm Việt - 200 Nguyễn Hữu Thọ, TP Đà Nẵng",real,103.09,,,,
DUPLICATE:overture:51883a80-ecdf-4629-be47-212f99451c6e:overture:7d57d2e9-f290-4ce6-bef1-4184fc02bda9,SOURCE_DUPLICATE,SOURCE_DUPLICATE,0.98,EVIDENCE_SUPPORTED,DUPLICATE_SAME_PLACE,EXACT_PHONE_LINKAGE,"[""phone=+84702929488""]",STAGE4I_STRUCTURED_EVIDENCE_V1,overture,overture:51883a80-ecdf-4629-be47-212f99451c6e,Điện lạnh N&TRAN,hvac,overture:7d57d2e9-f290-4ce6-bef1-4184fc02bda9,Vân bún riêu cua hà nội,restaurant,25.68,,,,
DUPLICATE:overture:54b5ed8f-8c48-4a8a-874d-13659997e47c:overture:79493877-81e3-4b24-98e5-d78bbd60c8f6,SOURCE_DUPLICATE,SOURCE_DUPLICATE,0.98,EVIDENCE_SUPPORTED,DUPLICATE_SAME_PLACE,EXACT_PHONE_LINKAGE,"[""phone=+84911304079""]",STAGE4I_STRUCTURED_EVIDENCE_V1,overture,overture:54b5ed8f-8c48-4a8a-874d-13659997e47c,Du Lịch Thái Lan- Khởi Hành Đà Nẵng,travel,overture:79493877-81e3-4b24-98e5-d78bbd60c8f6,havabeach travel,sightseeing,17.83,,,,
DUPLICATE:overture:58f09697-12d6-4518-8c6b-7aeb7fb040db:overture:9b067a61-68b6-4b9d-b114-7e2e405b0419,SOURCE_DUPLICATE,SOURCE_DUPLICATE,0.98,EVIDENCE_SUPPORTED,DUPLICATE_SAME_PLACE,EXACT_PHONE_LINKAGE,"[""phone=+842363621371""]",STAGE4I_STRUCTURED_EVIDENCE_V1,overture,overture:58f09697-12d6-4518-8c6b-7aeb7fb040db,Ngân Hàng TMCP Các Doanh Nghiệp Ngoài Quốc Doanh Việt Nam,credit,overture:9b067a61-68b6-4b9d-b114-7e2e405b0419,VPBank Nui Thanh,bank,24.74,,,,
DUPLICATE:overture:5f1487fb-8bf8-48bf-9cfa-a2910749407a:overture:f023c7cf-1c62-424b-a221-0243b032d6d5,SOURCE_DUPLICATE,SOURCE_DUPLICATE,0.98,EVIDENCE_SUPPORTED,DUPLICATE_SAME_PLACE,EXACT_PHONE_LINKAGE,"[""phone=+84905834420""]",STAGE4I_STRUCTURED_EVIDENCE_V1,overture,overture:5f1487fb-8bf8-48bf-9cfa-a2910749407a,ieltstutor.vn - Chấm bài IELTS Writing Speaking online hàng đầu Việt Nam,education,overture:f023c7cf-1c62-424b-a221-0243b032d6d5,Pham Nguyen,education,0,,,,
DUPLICATE:overture:762c2386-af68-4018-bdd6-14009c10a215:overture:873489b1-24cc-4a51-a9a6-2f7141f5a4f0,SOURCE_DUPLICATE,SOURCE_DUPLICATE,0.98,EVIDENCE_SUPPORTED,DUPLICATE_SAME_PLACE,EXACT_PHONE_LINKAGE,"[""phone=+84912927252""]",STAGE4I_STRUCTURED_EVIDENCE_V1,overture,overture:762c2386-af68-4018-bdd6-14009c10a215,Nội thất ô tô Đà Nẵng - Auto 247,furniture,overture:873489b1-24cc-4a51-a9a6-2f7141f5a4f0,Xe chuyên dụng,automotive,24.98,,,,
DUPLICATE:overture:76959095-1006-462a-bb54-7013b1739c5c:overture:c0612555-8bf4-47e8-b1d3-7f16326118dd,SOURCE_DUPLICATE,SOURCE_DUPLICATE,0.98,EVIDENCE_SUPPORTED,DUPLICATE_SAME_PLACE,EXACT_PHONE_LINKAGE,"[""phone=+84989982955""]",STAGE4I_STRUCTURED_EVIDENCE_V1,overture,overture:76959095-1006-462a-bb54-7013b1739c5c,Hội Phát Triển Sáng Tạo Thành Phố Đà Nẵng,community,overture:c0612555-8bf4-47e8-b1d3-7f16326118dd,Ncloudvn - Hỗ Trợ & Chia Sẻ,information,7.99,,,,
DUPLICATE:overture:78266bf5-fb22-4288-9116-913d9d2706eb:overture:e30890f4-3955-4eaa-88b4-ea58b476129d,SOURCE_DUPLICATE,SOURCE_DUPLICATE,0.98,EVIDENCE_SUPPORTED,DUPLICATE_SAME_PLACE,EXACT_PHONE_LINKAGE,"[""phone=+84935550178""]",STAGE4I_STRUCTURED_EVIDENCE_V1,overture,overture:78266bf5-fb22-4288-9116-913d9d2706eb,In Ấn Đà Nẵng,sign,overture:e30890f4-3955-4eaa-88b4-ea58b476129d,Cty TNHH In An Trieu Dang,screen,6.32,,,,
DUPLICATE:overture:7dbef968-b4b8-4427-bfc5-f46dd748cdba:overture:b67b2d3d-72d0-4d89-8101-89b08282fcdc,SOURCE_DUPLICATE,SOURCE_DUPLICATE,0.98,EVIDENCE_SUPPORTED,DUPLICATE_SAME_PLACE,EXACT_PHONE_LINKAGE,"[""phone=+84919616961""]",STAGE4I_STRUCTURED_EVIDENCE_V1,overture,overture:7dbef968-b4b8-4427-bfc5-f46dd748cdba,"Sản phẩm chăm sóc tóc chính hãng, Thuốc uốn tóc Romacy Trảng Bom",beauty,overture:b67b2d3d-72d0-4d89-8101-89b08282fcdc,"Tóc nhuộm màu vàng cam,Thuốc nhuộm tóc giá rẻ - Mỹ phẩm tóc Lodia",beauty,61.31,,,,
DUPLICATE:overture:8088205d-e799-41ad-ae47-dc2d34854582:overture:af4306d0-87a5-4b4e-b08b-87a9bf6b9c94,SOURCE_DUPLICATE,SOURCE_DUPLICATE,0.98,EVIDENCE_SUPPORTED,DUPLICATE_SAME_PLACE,EXACT_PHONE_LINKAGE,"[""phone=+84924554599""]",STAGE4I_STRUCTURED_EVIDENCE_V1,overture,overture:8088205d-e799-41ad-ae47-dc2d34854582,Hoàng - Harley Đà Nẵng,motorsports,overture:af4306d0-87a5-4b4e-b08b-87a9bf6b9c94,Cafe Lốp,cafe,103.87,,,,
DUPLICATE:overture:813929f4-ea55-4b2c-938d-c57b6247e95d:overture:f5321eeb-d90e-4349-bf4e-6fb52d96505f,SOURCE_DUPLICATE,SOURCE_DUPLICATE,0.98,EVIDENCE_SUPPORTED,DUPLICATE_SAME_PLACE,EXACT_PHONE_LINKAGE,"[""phone=+84905590435""]",STAGE4I_STRUCTURED_EVIDENCE_V1,overture,overture:813929f4-ea55-4b2c-938d-c57b6247e95d,Cung cấp bình nóng lạnh Ariston tại Đà Nẵng : 02363.505.717,unknown,overture:f5321eeb-d90e-4349-bf4e-6fb52d96505f,Chống Thấm Thành Tín Đà Nẵng,event,26.74,,,,
DUPLICATE:overture:871e544c-2433-4d73-8d4e-9b665378e04f:overture:e06e3aaa-e987-4b6b-b050-8ce04fcad892,SOURCE_DUPLICATE,SOURCE_DUPLICATE,0.98,EVIDENCE_SUPPORTED,DUPLICATE_SAME_PLACE,EXACT_PHONE_LINKAGE,"[""phone=+84844797456""]",STAGE4I_STRUCTURED_EVIDENCE_V1,overture,overture:871e544c-2433-4d73-8d4e-9b665378e04f,Sunny Kids,professional,overture:e06e3aaa-e987-4b6b-b050-8ce04fcad892,BEAT FIT - Chuỗi phòng tập thông minh Tăng Giảm cân khoa học,gym,0.67,,,,
DUPLICATE:overture:8fbae7f4-5c82-4282-b041-35ed66dc1377:overture:e20f9fc4-e980-4dd9-86ce-9ee2bca6f10c,SOURCE_DUPLICATE,SOURCE_DUPLICATE,0.98,EVIDENCE_SUPPORTED,DUPLICATE_SAME_PLACE,EXACT_PHONE_LINKAGE,"[""phone=+84935495186""]",STAGE4I_STRUCTURED_EVIDENCE_V1,overture,overture:8fbae7f4-5c82-4282-b041-35ed66dc1377,Công Ty Diệt Mối Tận Gốc Tại Đà Nẵng,pest,overture:e20f9fc4-e980-4dd9-86ce-9ee2bca6f10c,Công Ty Phun Côn Trùng Tại Đà Nẵng,unknown,0,,,,
DUPLICATE:overture:91316393-6798-4362-a610-9ea171910d74:overture:f23a7fab-e07c-4542-95e5-caa4d51a25a7,SOURCE_DUPLICATE,SOURCE_DUPLICATE,0.98,EVIDENCE_SUPPORTED,DUPLICATE_SAME_PLACE,EXACT_PHONE_LINKAGE,"[""phone=+84934891746""]",STAGE4I_STRUCTURED_EVIDENCE_V1,overture,overture:91316393-6798-4362-a610-9ea171910d74,Biệt thự X2 Hội An - X2 Hoi An Villa Sales,real,overture:f23a7fab-e07c-4542-95e5-caa4d51a25a7,CVR,real,5.37,,,,
DUPLICATE:overture:953c4775-d645-45a6-88c3-98231f053cde:overture:9beb3488-2278-4d98-bd0c-5bc11d5f2f52,SOURCE_DUPLICATE,SOURCE_DUPLICATE,0.98,EVIDENCE_SUPPORTED,DUPLICATE_SAME_PLACE,EXACT_PHONE_LINKAGE,"[""phone=+84935447749""]",STAGE4I_STRUCTURED_EVIDENCE_V1,overture,overture:953c4775-d645-45a6-88c3-98231f053cde,"Cờ lưu niệm, In cờ lưu niệm, Cờ lưu niệm bóng đá",screen,overture:9beb3488-2278-4d98-bd0c-5bc11d5f2f52,In Tem Nhãn Dán Decal Đà Nẵng,business,106.65,,,,
DUPLICATE:overture:a0cfb8a2-faf6-4198-9ac0-289054383bcf:overture:f12084c3-6a92-4e97-a247-0696a8665d22,SOURCE_DUPLICATE,SOURCE_DUPLICATE,0.98,EVIDENCE_SUPPORTED,DUPLICATE_SAME_PLACE,EXACT_PHONE_LINKAGE,"[""phone=+84929288368""]",STAGE4I_STRUCTURED_EVIDENCE_V1,overture,overture:a0cfb8a2-faf6-4198-9ac0-289054383bcf,COWI MEDIA,web,overture:f12084c3-6a92-4e97-a247-0696a8665d22,Vũ Trụ AI,unknown,34.88,,,,
DUPLICATE:overture:a37e2815-96cb-445b-b918-d2db18634959:overture:d1c9968d-c371-47b5-a6ba-4416c7007cdf,SOURCE_DUPLICATE,SOURCE_DUPLICATE,0.98,EVIDENCE_SUPPORTED,DUPLICATE_SAME_PLACE,EXACT_PHONE_LINKAGE,"[""phone=+84963933828""]",STAGE4I_STRUCTURED_EVIDENCE_V1,overture,overture:a37e2815-96cb-445b-b918-d2db18634959,Khách sạn tại Đà Nẵng,accommodation,overture:d1c9968d-c371-47b5-a6ba-4416c7007cdf,Công ty Sự kiện và Teambuilding Đà Nẵng,unknown,116.39,,,,
DUPLICATE:overture:a7cfc3c8-3d3f-442d-b5b2-872af465c7e9:overture:c066a181-d291-4f82-8842-f5ea256fa0c9,SOURCE_DUPLICATE,SOURCE_DUPLICATE,0.98,EVIDENCE_SUPPORTED,DUPLICATE_SAME_PLACE,EXACT_PHONE_LINKAGE,"[""phone=+84901912377""]",STAGE4I_STRUCTURED_EVIDENCE_V1,overture,overture:a7cfc3c8-3d3f-442d-b5b2-872af465c7e9,Trà sữa niên hoa 年华,cafe,overture:c066a181-d291-4f82-8842-f5ea256fa0c9,Yuan.thetwosisters,shopping,148.97,,,,
DUPLICATE:overture:d00d85f8-993a-4596-b89c-f499b166cddc:overture:f002e086-952c-4bc9-9a65-679e626bc371,SOURCE_DUPLICATE,SOURCE_DUPLICATE,0.98,EVIDENCE_SUPPORTED,DUPLICATE_SAME_PLACE,EXACT_PHONE_LINKAGE,"[""phone=+84857999986""]",STAGE4I_STRUCTURED_EVIDENCE_V1,overture,overture:d00d85f8-993a-4596-b89c-f499b166cddc,Kiên Ballad - Pickleball Coach,cafe,overture:f002e086-952c-4bc9-9a65-679e626bc371,Phun Xăm Mày Môi Mí Đà Nẵng - Luna Beauty,beauty,0.46,,,,
DUPLICATE:overture:dbda7f9c-d6ed-4b34-b360-454e651712f3:overture:e12e4fca-ad01-49a6-84d3-3a217e572d32,SOURCE_DUPLICATE,SOURCE_DUPLICATE,0.98,EVIDENCE_SUPPORTED,DUPLICATE_SAME_PLACE,EXACT_PHONE_LINKAGE,"[""phone=+84943712098""]",STAGE4I_STRUCTURED_EVIDENCE_V1,overture,overture:dbda7f9c-d6ed-4b34-b360-454e651712f3,Shop Thể Hình Đà Nẵng,vitamins,overture:e12e4fca-ad01-49a6-84d3-3a217e572d32,Yến mạch Quaker Oats Đà Nẵng,vitamins,3.13,,,,
DUPLICATE:overture:de61002f-fb6c-43e6-8d07-12c192d32b9e:overture:e36518ee-5519-4136-93ad-189c77dee4fd,SOURCE_DUPLICATE,SOURCE_DUPLICATE,0.98,EVIDENCE_SUPPORTED,DUPLICATE_SAME_PLACE,EXACT_PHONE_LINKAGE,"[""phone=+84949781201""]",STAGE4I_STRUCTURED_EVIDENCE_V1,overture,overture:de61002f-fb6c-43e6-8d07-12c192d32b9e,Đai Nịt Bụng Latex Cao Su Non 25 Xương Chính Hãng Đà Nẵng,beauty,overture:e36518ee-5519-4136-93ad-189c77dee4fd,Ủ Nóng Tan Mỡ Slimmingbody SB2,spas,35.65,,,,
DUPLICATE:overture:e6aa1c01-5a2f-4d19-9fc5-5ceff9a1e2d4:overture:f5d4ad57-bf33-4999-926b-dd1f5452d75e,SOURCE_DUPLICATE,SOURCE_DUPLICATE,0.98,EVIDENCE_SUPPORTED,DUPLICATE_SAME_PLACE,EXACT_PHONE_LINKAGE,"[""phone=+84905777197""]",STAGE4I_STRUCTURED_EVIDENCE_V1,overture,overture:e6aa1c01-5a2f-4d19-9fc5-5ceff9a1e2d4,Đầu Dò Wireless,health,overture:f5d4ad57-bf33-4999-926b-dd1f5452d75e,Công Ty Thiết Bị Y Tế CX,professional,20.27,,,,
MATCH:osm:osm:node:12372805701,HIGH_CONFIDENCE_MATCH,HIGH_CONFIDENCE_MATCH,0.9979,MACHINE_SUGGESTED,UNCERTAIN,INSUFFICIENT_INDEPENDENT_EVIDENCE,[],PENDING_HUMAN_REVIEW,osm,osm:node:12372805701,Gé Cafe,cafe,google_maps_1915,Gé Cafe,cafe,5.25,,,,
MATCH:osm:osm:node:12839895647,HIGH_CONFIDENCE_MATCH,HIGH_CONFIDENCE_MATCH,0.9979,MACHINE_SUGGESTED,UNCERTAIN,INSUFFICIENT_INDEPENDENT_EVIDENCE,[],PENDING_HUMAN_REVIEW,osm,osm:node:12839895647,Torino,bakery,google_maps_1792,Torino Bakery,bakery,5.23,,,,
MATCH:osm:osm:node:12860787925,AMBIGUOUS,AMBIGUOUS,0.8877,MACHINE_SUGGESTED,UNCERTAIN,INSUFFICIENT_INDEPENDENT_EVIDENCE,[],PENDING_HUMAN_REVIEW,osm,osm:node:12860787925,Tian Patisserie,cafe,google_maps_87,TIAN PATISSERIE,bakery,33.33,,,,
MATCH:osm:osm:node:13724982801,NEW_CANDIDATE,NEW_CANDIDATE,0.4055,MACHINE_SUGGESTED,UNCERTAIN,INSUFFICIENT_INDEPENDENT_EVIDENCE,[],PENDING_HUMAN_REVIEW,osm,osm:node:13724982801,Bia Nhà Taproom (Cơ sở 2 của Xưởng bia thủ công Bia Nhà),bar,google_maps_2185,Leaf.tea and Coffee - Cơ Sở 2 - Trà Sữa Pha Máy + Nguyên Lá,cafe,130.73,,,,
MATCH:osm:osm:node:13964372302,HIGH_CONFIDENCE_MATCH,HIGH_CONFIDENCE_MATCH,0.997,MACHINE_SUGGESTED,UNCERTAIN,INSUFFICIENT_INDEPENDENT_EVIDENCE,[],PENDING_HUMAN_REVIEW,osm,osm:node:13964372302,KIN Cafe & Homebakes,cafe,google_maps_1746,KIN Cafe & Homebakes,cafe,7.59,,,,
MATCH:osm:osm:node:4352241993,PROBABLE_MATCH,PROBABLE_MATCH,0.7978,MACHINE_SUGGESTED,UNCERTAIN,INSUFFICIENT_INDEPENDENT_EVIDENCE,[],PENDING_HUMAN_REVIEW,osm,osm:node:4352241993,Nha Hang Dong Duong,restaurant,google_maps_2553,Nhà hàng Đông Dương - Dong Duong Restaurant,restaurant,22.11,,,,
MATCH:osm:osm:node:5684863921,PROBABLE_MATCH,PROBABLE_MATCH,0.8444,MACHINE_SUGGESTED,UNCERTAIN,INSUFFICIENT_INDEPENDENT_EVIDENCE,[],PENDING_HUMAN_REVIEW,osm,osm:node:5684863921,phì lũ,restaurant,google_maps_1873,Nhà Hàng Phì Lũ 1,restaurant,26.49,,,,
MATCH:osm:osm:node:5762586057,NEW_CANDIDATE,NEW_CANDIDATE,0.2595,MACHINE_SUGGESTED,UNCERTAIN,INSUFFICIENT_INDEPENDENT_EVIDENCE,[],PENDING_HUMAN_REVIEW,osm,osm:node:5762586057,cô Bi,convenience,google_maps_2495,Le Cap Café,cafe,93,,,,
MATCH:osm:osm:node:5947469394,PROBABLE_MATCH,PROBABLE_MATCH,0.9279,MACHINE_SUGGESTED,UNCERTAIN,INSUFFICIENT_INDEPENDENT_EVIDENCE,[],PENDING_HUMAN_REVIEW,osm,osm:node:5947469394,bun cha ha noi 58 Thái phien,restaurant,foody_32,Bún Chả Hà Nội - Thái Phiên,restaurant,24.91,,,,
MATCH:osm:osm:node:6151186386,AMBIGUOUS,AMBIGUOUS,0.9351,MACHINE_SUGGESTED,UNCERTAIN,INSUFFICIENT_INDEPENDENT_EVIDENCE,[],PENDING_HUMAN_REVIEW,osm,osm:node:6151186386,Hải sản Năm Đảnh,restaurant,google_maps_2225,Hải sản Năm Đảnh,restaurant,162.15,,,,
MATCH:osm:osm:node:6151202685,PROBABLE_MATCH,PROBABLE_MATCH,0.7891,MACHINE_SUGGESTED,UNCERTAIN,INSUFFICIENT_INDEPENDENT_EVIDENCE,[],PENDING_HUMAN_REVIEW,osm,osm:node:6151202685,Chè Xuân Trang,restaurant,foody_152,Chè Xuân Trang - Lê Duẩn,restaurant,0,,,,
MATCH:osm:osm:node:6570781698,HIGH_CONFIDENCE_MATCH,HIGH_CONFIDENCE_MATCH,0.9988,MACHINE_SUGGESTED,UNCERTAIN,INSUFFICIENT_INDEPENDENT_EVIDENCE,[],PENDING_HUMAN_REVIEW,osm,osm:node:6570781698,Đồng Tiến Bakery,bakery,google_maps_1058,Đồng Tiến Bakery,bakery,3.04,,,,
MATCH:osm:osm:node:7105401487,PROBABLE_MATCH,PROBABLE_MATCH,0.8493,MACHINE_SUGGESTED,UNCERTAIN,INSUFFICIENT_INDEPENDENT_EVIDENCE,[],PENDING_HUMAN_REVIEW,osm,osm:node:7105401487,Bún Xương,restaurant,google_maps_1995,Quán Bún xương 89,restaurant,14.26,,,,
MATCH:osm:osm:way:1463170014,PROBABLE_MATCH,PROBABLE_MATCH,0.8513,MACHINE_SUGGESTED,UNCERTAIN,INSUFFICIENT_INDEPENDENT_EVIDENCE,[],PENDING_HUMAN_REVIEW,osm,osm:way:1463170014,Nhà Bếp Xưa,restaurant,google_maps_1695,Nhà Bếp Xưa Restaurant,restaurant,9.25,,,,
MATCH:osm:osm:way:1541277103,PROBABLE_MATCH,PROBABLE_MATCH,0.902,MACHINE_SUGGESTED,UNCERTAIN,INSUFFICIENT_INDEPENDENT_EVIDENCE,[],PENDING_HUMAN_REVIEW,osm,osm:way:1541277103,COM NHA CO NGA,restaurant,google_maps_493,CƠM NHÀ CÔ BA,restaurant,37.98,,,,
MATCH:overture:overture:022cd10d-61c2-4a70-b9b6-1954389bbdf2,HIGH_CONFIDENCE_MATCH,HIGH_CONFIDENCE_MATCH,0.9944,MACHINE_SUGGESTED,UNCERTAIN,INSUFFICIENT_INDEPENDENT_EVIDENCE,[],PENDING_HUMAN_REVIEW,overture,overture:022cd10d-61c2-4a70-b9b6-1954389bbdf2,Ikigai Cafe,cafe,google_maps_2392,IKIGAI CAFE,cafe,14.07,,,,
MATCH:overture:overture:026210be-c6d0-46a7-a77c-d1aa673f20d0,AMBIGUOUS,AMBIGUOUS,0.9692,MACHINE_SUGGESTED,UNCERTAIN,INSUFFICIENT_INDEPENDENT_EVIDENCE,[],PENDING_HUMAN_REVIEW,overture,overture:026210be-c6d0-46a7-a77c-d1aa673f20d0,Đồng Thạnh Bakery,bakery,google_maps_1189,Đồng Thạnh Bakery,bakery,76.97,,,,
MATCH:overture:overture:045a672a-fa78-4aa3-90d9-781acbeb0691,PROBABLE_MATCH,PROBABLE_MATCH,0.9765,MACHINE_SUGGESTED,UNCERTAIN,INSUFFICIENT_INDEPENDENT_EVIDENCE,[],PENDING_HUMAN_REVIEW,overture,overture:045a672a-fa78-4aa3-90d9-781acbeb0691,Ngon Da Nang - Vietnamese Cuisine Restaurant,restaurant,google_maps_2700,NGON DA NANG - VIETNAMESE CUISINE RESTAURANT,restaurant,58.67,,,,
MATCH:overture:overture:06566950-f505-4927-9943-4f659497de80,NEW_CANDIDATE,NEW_CANDIDATE,0.4394,MACHINE_SUGGESTED,UNCERTAIN,INSUFFICIENT_INDEPENDENT_EVIDENCE,[],PENDING_HUMAN_REVIEW,overture,overture:06566950-f505-4927-9943-4f659497de80,Bột Bắp Tea & Coffee,cafe,google_maps_97,Burn Dee - Thai Fast Food & Desserts,restaurant,66.6,,,,
MATCH:overture:overture:07252129-6e78-4fea-bd39-9855a1e5484b,PROBABLE_MATCH,PROBABLE_MATCH,0.6437,MACHINE_SUGGESTED,UNCERTAIN,INSUFFICIENT_INDEPENDENT_EVIDENCE,[],PENDING_HUMAN_REVIEW,overture,overture:07252129-6e78-4fea-bd39-9855a1e5484b,Bánh Mì Đà Thành,restaurant,google_maps_1284,Bánh mì Đồng Tiến,bakery,131.41,,,,
MATCH:overture:overture:07d8fa8e-1da4-4cc7-8dab-48747363895b,HIGH_CONFIDENCE_MATCH,HIGH_CONFIDENCE_MATCH,0.9925,MACHINE_SUGGESTED,UNCERTAIN,INSUFFICIENT_INDEPENDENT_EVIDENCE,[],PENDING_HUMAN_REVIEW,overture,overture:07d8fa8e-1da4-4cc7-8dab-48747363895b,Nhà hàng Cheong Hae Susan,restaurant,google_maps_1709,Nhà hàng Cheong Hae Susan,restaurant,18.7,,,,
MATCH:overture:overture:0934b937-b13c-413e-abe8-cb79e69b60b7,PROBABLE_MATCH,PROBABLE_MATCH,0.929,MACHINE_SUGGESTED,UNCERTAIN,INSUFFICIENT_INDEPENDENT_EVIDENCE,[],PENDING_HUMAN_REVIEW,overture,overture:0934b937-b13c-413e-abe8-cb79e69b60b7,Cà phê Mơn Man,cafe,google_maps_4375,Cà phê Mơn Man,cafe,177.53,,,,
MATCH:overture:overture:0bfaa51c-2b71-4ebe-91b6-878a40c017d4,NEW_CANDIDATE,NEW_CANDIDATE,0.3382,MACHINE_SUGGESTED,UNCERTAIN,INSUFFICIENT_INDEPENDENT_EVIDENCE,[],PENDING_HUMAN_REVIEW,overture,overture:0bfaa51c-2b71-4ebe-91b6-878a40c017d4,Tổng Công Ty Cổ Phần Dệt May Hòa Thọ Siêu Thị Mini Hòa Thọ,grocery,google_maps_4459,"Bún mắm, ram cuốn cải - LOGO FOODS (Bình Thái 1)",restaurant,54.39,,,,
MATCH:overture:overture:0e0a8cf0-e20d-4282-b160-d7c6c7793798,NEW_CANDIDATE,NEW_CANDIDATE,0.4872,MACHINE_SUGGESTED,UNCERTAIN,INSUFFICIENT_INDEPENDENT_EVIDENCE,[],PENDING_HUMAN_REVIEW,overture,overture:0e0a8cf0-e20d-4282-b160-d7c6c7793798,Quán Cafe Thiện Thảo,cafe,google_maps_1300,Milky Way Trà Sữa - Ăn Vặt,cafe,13.27,,,,
MATCH:overture:overture:0eb99541-65d8-4850-a6f7-83c9c883eb2e,AMBIGUOUS,AMBIGUOUS,0.8868,MACHINE_SUGGESTED,UNCERTAIN,INSUFFICIENT_INDEPENDENT_EVIDENCE,[],PENDING_HUMAN_REVIEW,overture,overture:0eb99541-65d8-4850-a6f7-83c9c883eb2e,Trà Sữa Yen Yen - Đà Nẵng,restaurant,google_maps_610,Trà Sữa Yen Yen,cafe,35.56,,,,
MATCH:overture:overture:0f93f2ca-29e9-43b1-af25-bd8bbf3e3bc5,NEW_CANDIDATE,NEW_CANDIDATE,0,MACHINE_SUGGESTED,UNCERTAIN,INSUFFICIENT_INDEPENDENT_EVIDENCE,[],PENDING_HUMAN_REVIEW,overture,overture:0f93f2ca-29e9-43b1-af25-bd8bbf3e3bc5,Hồ Bình - Nhà Hàng & Du Lịch Sinh Thái,restaurant,,,,,,,,
MATCH:overture:overture:0f9de68d-d7cb-44d8-8ba1-e84461857370,NEW_CANDIDATE,NEW_CANDIDATE,0.2125,MACHINE_SUGGESTED,UNCERTAIN,INSUFFICIENT_INDEPENDENT_EVIDENCE,[],PENDING_HUMAN_REVIEW,overture,overture:0f9de68d-d7cb-44d8-8ba1-e84461857370,GoSeeDo Da Nang,travel,google_maps_4825,Quán Hải sản Bà Tám,restaurant,72.21,,,,
MATCH:overture:overture:106a26bc-8ac3-48dd-bcbb-bd8c4547795a,NEW_CANDIDATE,NEW_CANDIDATE,0.2882,MACHINE_SUGGESTED,UNCERTAIN,INSUFFICIENT_INDEPENDENT_EVIDENCE,[],PENDING_HUMAN_REVIEW,overture,overture:106a26bc-8ac3-48dd-bcbb-bd8c4547795a,4R Juicy,bar,google_maps_4404,Beer Bo Bếu,restaurant,43.12,,,,
MATCH:overture:overture:10a4077b-576b-4604-b475-0014e5d44191,HIGH_CONFIDENCE_MATCH,HIGH_CONFIDENCE_MATCH,0.9878,MACHINE_SUGGESTED,UNCERTAIN,INSUFFICIENT_INDEPENDENT_EVIDENCE,[],PENDING_HUMAN_REVIEW,overture,overture:10a4077b-576b-4604-b475-0014e5d44191,Thor Food,restaurant,google_maps_2460,Thor Food,restaurant,30.41,,,,
MATCH:overture:overture:1123d891-9d03-4072-9286-0899f57e4769,PROBABLE_MATCH,PROBABLE_MATCH,0.9148,MACHINE_SUGGESTED,UNCERTAIN,INSUFFICIENT_INDEPENDENT_EVIDENCE,[],PENDING_HUMAN_REVIEW,overture,overture:1123d891-9d03-4072-9286-0899f57e4769,Lẩu Cua Long,restaurant,google_maps_5003,Lẩu Cua Long,restaurant,213.06,,,,
MATCH:overture:overture:129409b4-ff8c-4efc-adfc-aaed02a4e429,PROBABLE_MATCH,PROBABLE_MATCH,0.9292,MACHINE_SUGGESTED,UNCERTAIN,INSUFFICIENT_INDEPENDENT_EVIDENCE,[],PENDING_HUMAN_REVIEW,overture,overture:129409b4-ff8c-4efc-adfc-aaed02a4e429,Trà sữa Má Chang,cafe,google_maps_1026,Trà sữa Má Chang,cafe,176.88,,,,
MATCH:overture:overture:129a6cbc-0820-409b-91cd-a4caabc34c2f,NEW_CANDIDATE,NEW_CANDIDATE,0.5831,MACHINE_SUGGESTED,UNCERTAIN,INSUFFICIENT_INDEPENDENT_EVIDENCE,[],PENDING_HUMAN_REVIEW,overture,overture:129a6cbc-0820-409b-91cd-a4caabc34c2f,Cafe Phương Duyên,cafe,google_maps_1417,Café Hùng Mạnh,cafe,196.35,,,,
MATCH:overture:overture:132e83b8-2b92-406e-a554-11c95f88acee,NEW_CANDIDATE,NEW_CANDIDATE,0.2745,MACHINE_SUGGESTED,UNCERTAIN,INSUFFICIENT_INDEPENDENT_EVIDENCE,[],PENDING_HUMAN_REVIEW,overture,overture:132e83b8-2b92-406e-a554-11c95f88acee,Su Shop Kids - 333 Yên Thế,shoe,google_maps_1164,Quán Ăn Mến Lộc,restaurant,55.39,,,,
MATCH:overture:overture:143ce083-a77d-409e-8d27-91910130899f,NEW_CANDIDATE,NEW_CANDIDATE,0.2945,MACHINE_SUGGESTED,UNCERTAIN,INSUFFICIENT_INDEPENDENT_EVIDENCE,[],PENDING_HUMAN_REVIEW,overture,overture:143ce083-a77d-409e-8d27-91910130899f,CÔNg Ty Tnhh Tm & Xd PhÚC NguyÊN Gia,construction,google_maps_4775,Cơm tấm Sài Gòn cơ sở 2,restaurant,107.17,,,,
MATCH:overture:overture:14a1df51-378c-4133-935d-02f04eb7cbe1,AMBIGUOUS,AMBIGUOUS,0.9729,MACHINE_SUGGESTED,UNCERTAIN,INSUFFICIENT_INDEPENDENT_EVIDENCE,[],PENDING_HUMAN_REVIEW,overture,overture:14a1df51-378c-4133-935d-02f04eb7cbe1,Cơm Gà Lương Tâm,restaurant,google_maps_903,Cơm Gà Lương Tâm,restaurant,67.85,,,,
MATCH:overture:overture:163dd4a5-8453-419a-a257-2ab1f931ec3f,PROBABLE_MATCH,PROBABLE_MATCH,0.942,MACHINE_SUGGESTED,UNCERTAIN,INSUFFICIENT_INDEPENDENT_EVIDENCE,[],PENDING_HUMAN_REVIEW,overture,overture:163dd4a5-8453-419a-a257-2ab1f931ec3f,"Coffee&Tea,MilkTea Kong Fu Cha",cafe,google_maps_2886,"Coffee,Tea& MilkTea Kong Fu Cha",cafe,145.11,,,,
MATCH:overture:overture:19278fd9-8c3a-4a76-9ddb-510b5b4f5859,NEW_CANDIDATE,NEW_CANDIDATE,0.5339,MACHINE_SUGGESTED,UNCERTAIN,INSUFFICIENT_INDEPENDENT_EVIDENCE,[],PENDING_HUMAN_REVIEW,overture,overture:19278fd9-8c3a-4a76-9ddb-510b5b4f5859,HƠI ĐẬM Cafe,cafe,google_maps_2487,Le Café (Hải Vân Palace),cafe,56.49,,,,
MATCH:overture:overture:19832ab8-9df9-492c-83d6-10a2514b3661,NEW_CANDIDATE,NEW_CANDIDATE,0.4636,MACHINE_SUGGESTED,UNCERTAIN,INSUFFICIENT_INDEPENDENT_EVIDENCE,[],PENDING_HUMAN_REVIEW,overture,overture:19832ab8-9df9-492c-83d6-10a2514b3661,Any Coffee & Workstation,cafe,google_maps_3506,Quán Trà Sữa Rich,cafe,196.18,,,,
MATCH:overture:overture:19a20c5a-8342-48ea-8856-c39b1454511f,AMBIGUOUS,AMBIGUOUS,0.9711,MACHINE_SUGGESTED,UNCERTAIN,INSUFFICIENT_INDEPENDENT_EVIDENCE,[],PENDING_HUMAN_REVIEW,overture,overture:19a20c5a-8342-48ea-8856-c39b1454511f,Hải sản Eo Biển,restaurant,google_maps_2228,Hải sản Eo Biển,restaurant,72.36,,,,
MATCH:overture:overture:19f0bbd2-2f66-4a58-bafd-963ec3fc2c9b,HIGH_CONFIDENCE_MATCH,HIGH_CONFIDENCE_MATCH,0.9958,MACHINE_SUGGESTED,UNCERTAIN,INSUFFICIENT_INDEPENDENT_EVIDENCE,[],PENDING_HUMAN_REVIEW,overture,overture:19f0bbd2-2f66-4a58-bafd-963ec3fc2c9b,40Plus Cafe & Vinyl Music,cafe,google_maps_1557,40Plus Cafe & Vinyl Music,cafe,10.54,,,,
MATCH:overture:overture:1b0a518e-2c76-4acf-95cb-71798795ee5b,NEW_CANDIDATE,NEW_CANDIDATE,0.3413,MACHINE_SUGGESTED,UNCERTAIN,INSUFFICIENT_INDEPENDENT_EVIDENCE,[],PENDING_HUMAN_REVIEW,overture,overture:1b0a518e-2c76-4acf-95cb-71798795ee5b,Cửa Cổng Tự Động - Cổng Tự Động Đà Nẵng - Cổng Tự Động Miền Trung,industrial,google_maps_909,Phở - Cơm Chiên Gia Truyền Nam Định,restaurant,57.19,,,,
MATCH:overture:overture:1b63e61c-9d73-4049-a14f-62c037e4147d,HIGH_CONFIDENCE_MATCH,HIGH_CONFIDENCE_MATCH,0.9895,MACHINE_SUGGESTED,UNCERTAIN,INSUFFICIENT_INDEPENDENT_EVIDENCE,[],PENDING_HUMAN_REVIEW,overture,overture:1b63e61c-9d73-4049-a14f-62c037e4147d,Phá Lấu Sài Gòn,restaurant,google_maps_4819,Phá Lấu Sài Gòn,restaurant,26.13,,,,
MATCH:overture:overture:1c74cda6-8f55-42b7-a0b2-88bdf224f48c,NEW_CANDIDATE,NEW_CANDIDATE,0.2425,MACHINE_SUGGESTED,UNCERTAIN,INSUFFICIENT_INDEPENDENT_EVIDENCE,[],PENDING_HUMAN_REVIEW,overture,overture:1c74cda6-8f55-42b7-a0b2-88bdf224f48c,Cửa hàng Hậu Phúc,hardware,google_maps_5088,TRÀ SỮA SÓC - Trà sữa S.O.C,cafe,183.81,,,,
MATCH:overture:overture:1cd3d92f-581c-4d8a-90d3-2327a5329566,AMBIGUOUS,AMBIGUOUS,0.6872,MACHINE_SUGGESTED,UNCERTAIN,INSUFFICIENT_INDEPENDENT_EVIDENCE,[],PENDING_HUMAN_REVIEW,overture,overture:1cd3d92f-581c-4d8a-90d3-2327a5329566,Bản Cà Phê - Nguyễn Văn Thoại,cafe,foody_736,Pizza Hut - Nguyễn Văn Thoại,restaurant,104.76,,,,
MATCH:overture:overture:2314f7cc-0883-4e59-a848-1fb83958b0fb,HIGH_CONFIDENCE_MATCH,HIGH_CONFIDENCE_MATCH,0.9971,MACHINE_SUGGESTED,UNCERTAIN,INSUFFICIENT_INDEPENDENT_EVIDENCE,[],PENDING_HUMAN_REVIEW,overture,overture:2314f7cc-0883-4e59-a848-1fb83958b0fb,Trà Sữa Eric Milk Tea Đà Nẵng,cafe,google_maps_3721,Trà Sữa Eric Milk Tea Đà Nẵng,cafe,7.17,,,,
MATCH:overture:overture:2398f32a-73bd-43c8-95f7-0ba1dccd1a81,HIGH_CONFIDENCE_MATCH,HIGH_CONFIDENCE_MATCH,0.9959,MACHINE_SUGGESTED,UNCERTAIN,INSUFFICIENT_INDEPENDENT_EVIDENCE,[],PENDING_HUMAN_REVIEW,overture,overture:2398f32a-73bd-43c8-95f7-0ba1dccd1a81,Nhà hàng chay UM MANI,restaurant,google_maps_1870,Nhà hàng chay UM MANI,restaurant,10.29,,,,
MATCH:overture:overture:25e035d0-45af-4c08-9a45-56a93d8a9be2,NEW_CANDIDATE,NEW_CANDIDATE,0,MACHINE_SUGGESTED,UNCERTAIN,INSUFFICIENT_INDEPENDENT_EVIDENCE,[],PENDING_HUMAN_REVIEW,overture,overture:25e035d0-45af-4c08-9a45-56a93d8a9be2,"Hội mua bán, ký gửi đất nền Ngũ Hành Sơn",real,,,,,,,,
MATCH:overture:overture:25fd3a23-0925-4d55-aeb6-f655ce48d76a,HIGH_CONFIDENCE_MATCH,HIGH_CONFIDENCE_MATCH,0.9935,MACHINE_SUGGESTED,UNCERTAIN,INSUFFICIENT_INDEPENDENT_EVIDENCE,[],PENDING_HUMAN_REVIEW,overture,overture:25fd3a23-0925-4d55-aeb6-f655ce48d76a,Đồng Tiến Bakery,bakery,google_maps_1057,Đồng Tiến Bakery,bakery,16.36,,,,
MATCH:overture:overture:27cd6d6f-8960-48b5-b2f8-d30921f17616,PROBABLE_MATCH,PROBABLE_MATCH,0.7743,MACHINE_SUGGESTED,UNCERTAIN,INSUFFICIENT_INDEPENDENT_EVIDENCE,[],PENDING_HUMAN_REVIEW,overture,overture:27cd6d6f-8960-48b5-b2f8-d30921f17616,Thai's Food - Trần Quốc Toản,restaurant,foody_1,Cafe & Trà Sữa BandB - Trần Quốc Toản,restaurant,20.53,,,,
MATCH:overture:overture:2a448352-4415-4fbf-80a0-58ed2fc9b27e,HIGH_CONFIDENCE_MATCH,HIGH_CONFIDENCE_MATCH,0.9854,MACHINE_SUGGESTED,UNCERTAIN,INSUFFICIENT_INDEPENDENT_EVIDENCE,[],PENDING_HUMAN_REVIEW,overture,overture:2a448352-4415-4fbf-80a0-58ed2fc9b27e,Nhiên coffee,cafe,google_maps_5453,Nhiên coffee,cafe,36.56,,,,
MATCH:overture:overture:2f3d3504-ebd2-469b-a070-8b2ca1f52072,NEW_CANDIDATE,NEW_CANDIDATE,0.2456,MACHINE_SUGGESTED,UNCERTAIN,INSUFFICIENT_INDEPENDENT_EVIDENCE,[],PENDING_HUMAN_REVIEW,overture,overture:2f3d3504-ebd2-469b-a070-8b2ca1f52072,TUYỂN DỤNG,professional,google_maps_4401,Mì xíu Quảng Đông Tamago,restaurant,248.46,,,,
MATCH:overture:overture:30a4afd8-41d2-4a63-95f4-239ffe03812e,NEW_CANDIDATE,NEW_CANDIDATE,0.5319,MACHINE_SUGGESTED,UNCERTAIN,INSUFFICIENT_INDEPENDENT_EVIDENCE,[],PENDING_HUMAN_REVIEW,overture,overture:30a4afd8-41d2-4a63-95f4-239ffe03812e,Quán Michi Sushi,restaurant,google_maps_2112,Cụi - Cơm nhà hồi nớ!,restaurant,123.06,,,,
MATCH:overture:overture:30a7b69c-5a3f-414c-aa9a-4e52641c1efd,NEW_CANDIDATE,NEW_CANDIDATE,0.4811,MACHINE_SUGGESTED,UNCERTAIN,INSUFFICIENT_INDEPENDENT_EVIDENCE,[],PENDING_HUMAN_REVIEW,overture,overture:30a7b69c-5a3f-414c-aa9a-4e52641c1efd,"Vườn chuối Sài Gòn - Bún Mắm Miền Tây, Bún Bò Sài Gòn, Canh Bún",restaurant,google_maps_1880,Quán ăn Đặc sản miền Tây,restaurant,215.78,,,,
MATCH:overture:overture:31012950-4684-4714-a98f-9cb31199b4a7,HIGH_CONFIDENCE_MATCH,HIGH_CONFIDENCE_MATCH,0.9937,MACHINE_SUGGESTED,UNCERTAIN,INSUFFICIENT_INDEPENDENT_EVIDENCE,[],PENDING_HUMAN_REVIEW,overture,overture:31012950-4684-4714-a98f-9cb31199b4a7,Đồng Tiến Bakery,bakery,google_maps_2294,Đồng Tiến Bakery,bakery,15.81,,,,
MATCH:overture:overture:32f754c3-dee2-483d-994c-cf03c9f23744,NEW_CANDIDATE,NEW_CANDIDATE,0.2676,MACHINE_SUGGESTED,UNCERTAIN,INSUFFICIENT_INDEPENDENT_EVIDENCE,[],PENDING_HUMAN_REVIEW,overture,overture:32f754c3-dee2-483d-994c-cf03c9f23744,Capital Square - Trang Chủ Đầu Tư,real,google_maps_1516,Nhà hàng Hoa Lư - Sunbay,restaurant,111.69,,,,
MATCH:overture:overture:33265cc4-bf91-4f1b-8436-db474ef4e42d,AMBIGUOUS,AMBIGUOUS,0.7998,MACHINE_SUGGESTED,UNCERTAIN,INSUFFICIENT_INDEPENDENT_EVIDENCE,[],PENDING_HUMAN_REVIEW,overture,overture:33265cc4-bf91-4f1b-8436-db474ef4e42d,Ngon Thi Hoa Restaurant,restaurant,google_maps_2056,Nhà hàng Ngon Thị Hoa,restaurant,137.91,,,,
MATCH:overture:overture:35d1d5d9-a113-4ff8-8876-de0f5715955a,HIGH_CONFIDENCE_MATCH,HIGH_CONFIDENCE_MATCH,0.9984,MACHINE_SUGGESTED,UNCERTAIN,INSUFFICIENT_INDEPENDENT_EVIDENCE,[],PENDING_HUMAN_REVIEW,overture,overture:35d1d5d9-a113-4ff8-8876-de0f5715955a,Quế Sơn Quán - Phở Sắn Quế Sơn,restaurant,google_maps_2121,Quế Sơn Quán - Phở Sắn Quế Sơn,restaurant,3.91,,,,
MATCH:overture:overture:374ae4f0-0c8e-446e-bb29-0fb007fd47cd,NEW_CANDIDATE,NEW_CANDIDATE,0,MACHINE_SUGGESTED,UNCERTAIN,INSUFFICIENT_INDEPENDENT_EVIDENCE,[],PENDING_HUMAN_REVIEW,overture,overture:374ae4f0-0c8e-446e-bb29-0fb007fd47cd,CƠ KhÍ VÀ QuẢNg CÁO HƯNg ThỊNh PhÁT,business,,,,,,,,
MATCH:overture:overture:37b98340-b97f-44e4-b046-8ad2ba9d588c,PROBABLE_MATCH,PROBABLE_MATCH,0.8921,MACHINE_SUGGESTED,UNCERTAIN,INSUFFICIENT_INDEPENDENT_EVIDENCE,[],PENDING_HUMAN_REVIEW,overture,overture:37b98340-b97f-44e4-b046-8ad2ba9d588c,Cờ-Lê Quán,cafe,google_maps_1257,Quán Cờ Lê,restaurant,22.3,,,,
MATCH:overture:overture:38c97804-340e-4453-a89b-afbac01dc2f0,AMBIGUOUS,AMBIGUOUS,0.6587,MACHINE_SUGGESTED,UNCERTAIN,INSUFFICIENT_INDEPENDENT_EVIDENCE,[],PENDING_HUMAN_REVIEW,overture,overture:38c97804-340e-4453-a89b-afbac01dc2f0,Ốc Bà Mỹ 2 - Hoàng Hoa Thám,restaurant,google_maps_1944,Đồng Tiến Bakery - Hoàng Hoa Thám,bakery,83.72,,,,
MATCH:overture:overture:394050a4-95fa-41be-bd66-aab4107be7e6,NEW_CANDIDATE,NEW_CANDIDATE,0.29,MACHINE_SUGGESTED,UNCERTAIN,INSUFFICIENT_INDEPENDENT_EVIDENCE,[],PENDING_HUMAN_REVIEW,overture,overture:394050a4-95fa-41be-bd66-aab4107be7e6,Út Thúy Beauty,beauty,google_maps_1004,Capital Beauty,restaurant,748.1,,,,
MATCH:overture:overture:3a91290b-4c8f-473a-a817-597248389791,PROBABLE_MATCH,PROBABLE_MATCH,0.9786,MACHINE_SUGGESTED,UNCERTAIN,INSUFFICIENT_INDEPENDENT_EVIDENCE,[],PENDING_HUMAN_REVIEW,overture,overture:3a91290b-4c8f-473a-a817-597248389791,Hải Sản Phủi,restaurant,google_maps_2743,Hải Sản Phủi,restaurant,53.38,,,,
MATCH:overture:overture:3aee7e68-bf8c-4f99-bd6a-61ff8dfd5cef,NEW_CANDIDATE,NEW_CANDIDATE,0.4575,MACHINE_SUGGESTED,UNCERTAIN,INSUFFICIENT_INDEPENDENT_EVIDENCE,[],PENDING_HUMAN_REVIEW,overture,overture:3aee7e68-bf8c-4f99-bd6a-61ff8dfd5cef,Bling Diamond Miền Trung,cafe,google_maps_2755,Café Bé Tây,cafe,147.92,,,,
MATCH:overture:overture:3b3750ce-a8a5-423a-817b-45708af4f666,HIGH_CONFIDENCE_MATCH,HIGH_CONFIDENCE_MATCH,0.9929,MACHINE_SUGGESTED,UNCERTAIN,INSUFFICIENT_INDEPENDENT_EVIDENCE,[],PENDING_HUMAN_REVIEW,overture,overture:3b3750ce-a8a5-423a-817b-45708af4f666,Art coffee,cafe,google_maps_1743,Art coffee,cafe,17.78,,,,
MATCH:overture:overture:3be110aa-fbd3-4a03-a3b0-b8e159ed2493,NEW_CANDIDATE,NEW_CANDIDATE,0.2959,MACHINE_SUGGESTED,UNCERTAIN,INSUFFICIENT_INDEPENDENT_EVIDENCE,[],PENDING_HUMAN_REVIEW,overture,overture:3be110aa-fbd3-4a03-a3b0-b8e159ed2493,Chibi Beauty,nail,google_maps_1169,Nờ Cafe CS1- Cafe Muối & Rang Xay,cafe,62.37,,,,
MATCH:overture:overture:3c9aaa60-a4d0-4ff6-9941-20d055a7ecb3,NEW_CANDIDATE,NEW_CANDIDATE,0.2947,EVIDENCE_SUPPORTED,NOT_MATCH,SAME_BUILDING_DIFFERENT_BUSINESS,"[""distance_m=23.59"",""incompatible_known_categories""]",STAGE4I_STRUCTURED_EVIDENCE_V1,overture,overture:3c9aaa60-a4d0-4ff6-9941-20d055a7ecb3,Vệ Sinh Công Nghiệp Đà Nẵng Giá Rẻ 0934 825 194,home,google_maps_5108,Anio Boutique Hotel Hoian,shopping,23.59,,,,
MATCH:overture:overture:3d29fde4-8fc5-4e14-b0f4-7ac1187e878c,NEW_CANDIDATE,NEW_CANDIDATE,0,MACHINE_SUGGESTED,UNCERTAIN,INSUFFICIENT_INDEPENDENT_EVIDENCE,[],PENDING_HUMAN_REVIEW,overture,overture:3d29fde4-8fc5-4e14-b0f4-7ac1187e878c,Thái Hòa VinFast Đà Nẵng Chính Hãng,automotive,,,,,,,,
MATCH:overture:overture:3efd3ef0-5244-4bbf-8796-83c670eac952,PROBABLE_MATCH,PROBABLE_MATCH,0.6354,MACHINE_SUGGESTED,UNCERTAIN,INSUFFICIENT_INDEPENDENT_EVIDENCE,[],PENDING_HUMAN_REVIEW,overture,overture:3efd3ef0-5244-4bbf-8796-83c670eac952,Nguyen Coffee and Tea,cafe,google_maps_875,Nguyễn Gia Trang,restaurant,120.18,,,,
MATCH:overture:overture:4163bc1a-c6c3-42dd-a574-499a71a0f799,HIGH_CONFIDENCE_MATCH,HIGH_CONFIDENCE_MATCH,0.9983,MACHINE_SUGGESTED,UNCERTAIN,INSUFFICIENT_INDEPENDENT_EVIDENCE,[],PENDING_HUMAN_REVIEW,overture,overture:4163bc1a-c6c3-42dd-a574-499a71a0f799,Quán ăn Hai Trí Sài Gòn,restaurant,google_maps_2796,Quán ăn Hai Trí Sài Gòn,restaurant,4.28,,,,
MATCH:overture:overture:41e8f1f3-76d2-449e-82eb-0eccee3d8242,HIGH_CONFIDENCE_MATCH,HIGH_CONFIDENCE_MATCH,0.9943,MACHINE_SUGGESTED,UNCERTAIN,INSUFFICIENT_INDEPENDENT_EVIDENCE,[],PENDING_HUMAN_REVIEW,overture,overture:41e8f1f3-76d2-449e-82eb-0eccee3d8242,Cafe Muối Đà,cafe,google_maps_2494,Cafe Muối Đà,cafe,14.3,,,,
MATCH:overture:overture:43cf485e-2a95-4e5d-93d8-44b5989796d1,PROBABLE_MATCH,PROBABLE_MATCH,0.672,MACHINE_SUGGESTED,UNCERTAIN,INSUFFICIENT_INDEPENDENT_EVIDENCE,[],PENDING_HUMAN_REVIEW,overture,overture:43cf485e-2a95-4e5d-93d8-44b5989796d1,Ae Gaming - 79 HoÀNg VĂN ThÁI,cafe,google_maps_802,Anh Quân Bakery 83 Hoàng Văn Thái,bakery,89.07,,,,
MATCH:overture:overture:44960f82-8a01-4379-8ba9-c1da5eb445a5,PROBABLE_MATCH,PROBABLE_MATCH,0.9797,MACHINE_SUGGESTED,UNCERTAIN,INSUFFICIENT_INDEPENDENT_EVIDENCE,[],PENDING_HUMAN_REVIEW,overture,overture:44960f82-8a01-4379-8ba9-c1da5eb445a5,Madame Phương Pizza & Spaghetti - Đà Nẵng,restaurant,google_maps_2665,Madame Phương Pizza & Spaghetti,restaurant,50.83,,,,
MATCH:overture:overture:454177b5-a24d-41d4-9068-fe3ac694c778,PROBABLE_MATCH,PROBABLE_MATCH,0.6736,MACHINE_SUGGESTED,UNCERTAIN,INSUFFICIENT_INDEPENDENT_EVIDENCE,[],PENDING_HUMAN_REVIEW,overture,overture:454177b5-a24d-41d4-9068-fe3ac694c778,Bếp Mẹ Xuân,cafe,google_maps_2116,Nhà Hàng Bếp Xưa,restaurant,41.11,,,,
MATCH:overture:overture:4637f749-eebc-4198-a08f-523738f5d2fa,HIGH_CONFIDENCE_MATCH,HIGH_CONFIDENCE_MATCH,0.9958,MACHINE_SUGGESTED,UNCERTAIN,INSUFFICIENT_INDEPENDENT_EVIDENCE,[],PENDING_HUMAN_REVIEW,overture,overture:4637f749-eebc-4198-a08f-523738f5d2fa,Bikini Bottom Express,restaurant,google_maps_2025,Bikini Bottom Express,restaurant,10.57,,,,
MATCH:overture:overture:478455ca-5541-410a-83e0-dc8b17a11750,HIGH_CONFIDENCE_MATCH,HIGH_CONFIDENCE_MATCH,0.9843,MACHINE_SUGGESTED,UNCERTAIN,INSUFFICIENT_INDEPENDENT_EVIDENCE,[],PENDING_HUMAN_REVIEW,overture,overture:478455ca-5541-410a-83e0-dc8b17a11750,Oh Yeah Cafe and More,cafe,google_maps_1734,Oh Yeah Cafe & More,cafe,39.32,,,,
MATCH:overture:overture:47e93871-a946-4aa4-b6dd-58fbe821a3d3,NEW_CANDIDATE,NEW_CANDIDATE,0.3324,MACHINE_SUGGESTED,UNCERTAIN,INSUFFICIENT_INDEPENDENT_EVIDENCE,[],PENDING_HUMAN_REVIEW,overture,overture:47e93871-a946-4aa4-b6dd-58fbe821a3d3,Điện Tử Điện Lạnh Long Sơn,appliance,google_maps_4745,Gà Rán Street Food - 135 Nguyễn Huy Tưởng,restaurant,40.72,,,,
MATCH:overture:overture:49e62380-2c8d-49c4-97c1-e2cd27d8c61c,NEW_CANDIDATE,NEW_CANDIDATE,0,MACHINE_SUGGESTED,UNCERTAIN,INSUFFICIENT_INDEPENDENT_EVIDENCE,[],PENDING_HUMAN_REVIEW,overture,overture:49e62380-2c8d-49c4-97c1-e2cd27d8c61c,Công Ty TNHH Nhôm Kính Xingfa Đà Nẵng,windows,,,,,,,,
MATCH:overture:overture:4c64f8eb-66d1-4301-9acc-4137f0f8693d,HIGH_CONFIDENCE_MATCH,HIGH_CONFIDENCE_MATCH,0.9939,MACHINE_SUGGESTED,UNCERTAIN,INSUFFICIENT_INDEPENDENT_EVIDENCE,[],PENDING_HUMAN_REVIEW,overture,overture:4c64f8eb-66d1-4301-9acc-4137f0f8693d,Trà sữa hoa ly,cafe,google_maps_1216,Trà sữa hoa ly,cafe,15.27,,,,
MATCH:overture:overture:4cc16f28-f282-43e6-9e1a-85160802f62e,AMBIGUOUS,AMBIGUOUS,0.9957,MACHINE_SUGGESTED,UNCERTAIN,INSUFFICIENT_INDEPENDENT_EVIDENCE,[],PENDING_HUMAN_REVIEW,overture,overture:4cc16f28-f282-43e6-9e1a-85160802f62e,Đồng Tiến Bakery,bakery,google_maps_1947,Đồng Tiến Bakery,bakery,10.75,,,,
MATCH:overture:overture:4d28938e-0e06-4cf6-80bd-68e14dd8da41,NEW_CANDIDATE,NEW_CANDIDATE,0.3066,MACHINE_SUGGESTED,UNCERTAIN,INSUFFICIENT_INDEPENDENT_EVIDENCE,[],PENDING_HUMAN_REVIEW,overture,overture:4d28938e-0e06-4cf6-80bd-68e14dd8da41,Ngô Quyền Confession,market,google_maps_2113,Nhà hàng Phố Men Chill,restaurant,240.97,,,,
MATCH:overture:overture:4e0043b8-2b39-4ea3-9507-b85166d944ba,HIGH_CONFIDENCE_MATCH,HIGH_CONFIDENCE_MATCH,0.9979,MACHINE_SUGGESTED,UNCERTAIN,INSUFFICIENT_INDEPENDENT_EVIDENCE,[],PENDING_HUMAN_REVIEW,overture,overture:4e0043b8-2b39-4ea3-9507-b85166d944ba,Nhà hàng Thanh Mai,restaurant,google_maps_271,Nhà hàng Thanh Mai,restaurant,5.24,,,,
MATCH:overture:overture:4fdfcf3d-4f79-45cf-b475-f4240971d104,HIGH_CONFIDENCE_MATCH,HIGH_CONFIDENCE_MATCH,0.9962,MACHINE_SUGGESTED,UNCERTAIN,INSUFFICIENT_INDEPENDENT_EVIDENCE,[],PENDING_HUMAN_REVIEW,overture,overture:4fdfcf3d-4f79-45cf-b475-f4240971d104,Vịnh Quán,restaurant,google_maps_2873,Vịnh Quán,restaurant,9.51,,,,
MATCH:overture:overture:5157603f-7c37-4fee-9d6d-c4d3559e3d01,HIGH_CONFIDENCE_MATCH,HIGH_CONFIDENCE_MATCH,0.9938,MACHINE_SUGGESTED,UNCERTAIN,INSUFFICIENT_INDEPENDENT_EVIDENCE,[],PENDING_HUMAN_REVIEW,overture,overture:5157603f-7c37-4fee-9d6d-c4d3559e3d01,Trà sữa Money,cafe,google_maps_1512,Trà sữa Money,cafe,15.61,,,,
MATCH:overture:overture:51d3909f-5964-4729-a143-93608d860049,NEW_CANDIDATE,NEW_CANDIDATE,0.4532,MACHINE_SUGGESTED,UNCERTAIN,INSUFFICIENT_INDEPENDENT_EVIDENCE,[],PENDING_HUMAN_REVIEW,overture,overture:51d3909f-5964-4729-a143-93608d860049,Marigold VietNam,cafe,google_maps_1864,TRÀ Coffee & Tea House 24/7,cafe,114.78,,,,
MATCH:overture:overture:5238ca69-1cf4-480d-a94f-f283f2a253a7,AMBIGUOUS,AMBIGUOUS,0.7555,MACHINE_SUGGESTED,UNCERTAIN,INSUFFICIENT_INDEPENDENT_EVIDENCE,[],PENDING_HUMAN_REVIEW,overture,overture:5238ca69-1cf4-480d-a94f-f283f2a253a7,Monaco Coffee Nguyễn Văn Linh - Đà Nẵng,cafe,google_maps_1399,McDonald's Nguyễn Văn Linh,restaurant,29.14,,,,
MATCH:overture:overture:529db06f-8a64-46e5-acac-c259c3cca754,NEW_CANDIDATE,NEW_CANDIDATE,0.3741,MACHINE_SUGGESTED,UNCERTAIN,INSUFFICIENT_INDEPENDENT_EVIDENCE,[],PENDING_HUMAN_REVIEW,overture,overture:529db06f-8a64-46e5-acac-c259c3cca754,Swan Spa Chăm sóc da,skin,google_maps_3117,Quán ăn Dạ Thảo gà quê,restaurant,144.64,,,,
MATCH:overture:overture:540c3f12-d1b3-47e9-9290-a6a05608b8eb,PROBABLE_MATCH,PROBABLE_MATCH,0.9727,MACHINE_SUGGESTED,UNCERTAIN,INSUFFICIENT_INDEPENDENT_EVIDENCE,[],PENDING_HUMAN_REVIEW,overture,overture:540c3f12-d1b3-47e9-9290-a6a05608b8eb,Shanti Vegan - Nhà Hàng Chay Đà Nẵng,restaurant,google_maps_1514,Nhà hàng chay Shanti Vegan,restaurant,68.34,,,,
MATCH:overture:overture:55b50c8d-5187-41f4-82f1-400e8f8fa7a5,AMBIGUOUS,AMBIGUOUS,0.9301,MACHINE_SUGGESTED,UNCERTAIN,INSUFFICIENT_INDEPENDENT_EVIDENCE,[],PENDING_HUMAN_REVIEW,overture,overture:55b50c8d-5187-41f4-82f1-400e8f8fa7a5,My Quang Tuy Loan,restaurant,google_maps_3936,Mì Quảng Túy Loan,restaurant,89.34,,,,
MATCH:overture:overture:58bd11d3-e0de-43c8-995b-185e12abab7e,NEW_CANDIDATE,NEW_CANDIDATE,0.2361,MACHINE_SUGGESTED,UNCERTAIN,INSUFFICIENT_INDEPENDENT_EVIDENCE,[],PENDING_HUMAN_REVIEW,overture,overture:58bd11d3-e0de-43c8-995b-185e12abab7e,xuanbinh computer,computer,foody_234,Ăn Vặt Ba Cô,restaurant,165.7,,,,
MATCH:overture:overture:5979ec9a-9e04-4108-a6fc-3e43f46e0b9c,NEW_CANDIDATE,NEW_CANDIDATE,0,MACHINE_SUGGESTED,UNCERTAIN,INSUFFICIENT_INDEPENDENT_EVIDENCE,[],PENDING_HUMAN_REVIEW,overture,overture:5979ec9a-9e04-4108-a6fc-3e43f46e0b9c,Trường Mầm non Hòa Liên,market,,,,,,,,
MATCH:overture:overture:59c0c7e8-618f-4f8b-bd8f-c3038f07fa52,HIGH_CONFIDENCE_MATCH,HIGH_CONFIDENCE_MATCH,0.9993,MACHINE_SUGGESTED,UNCERTAIN,INSUFFICIENT_INDEPENDENT_EVIDENCE,[],PENDING_HUMAN_REVIEW,overture,overture:59c0c7e8-618f-4f8b-bd8f-c3038f07fa52,Ommo coffee works,cafe,google_maps_2712,Ommo coffee works,cafe,1.79,,,,
MATCH:overture:overture:59fc875a-8144-4072-957e-de9eb3e2fc91,AMBIGUOUS,AMBIGUOUS,0.7817,MACHINE_SUGGESTED,UNCERTAIN,INSUFFICIENT_INDEPENDENT_EVIDENCE,[],PENDING_HUMAN_REVIEW,overture,overture:59fc875a-8144-4072-957e-de9eb3e2fc91,Cafe Anh Vu 59 Ngô thì nhậm,cafe,google_maps_559,Anh Quân Bakery - 69 Ngô Thì Nhậm,bakery,34.51,,,,
MATCH:overture:overture:5dbaa21b-8108-4576-9382-04bb866c1e96,NEW_CANDIDATE,NEW_CANDIDATE,0.2523,MACHINE_SUGGESTED,UNCERTAIN,INSUFFICIENT_INDEPENDENT_EVIDENCE,[],PENDING_HUMAN_REVIEW,overture,overture:5dbaa21b-8108-4576-9382-04bb866c1e96,Nguyên Hyundai Sông Hàn - Nguyên - 0326488253,automotive,google_maps_3085,Pizza Bay - Pizza and Fast food,restaurant,81.4,,,,
MATCH:overture:overture:5dd9cc90-4e46-4ea6-ac6f-357b99844fbf,PROBABLE_MATCH,PROBABLE_MATCH,0.9749,MACHINE_SUGGESTED,UNCERTAIN,INSUFFICIENT_INDEPENDENT_EVIDENCE,[],PENDING_HUMAN_REVIEW,overture,overture:5dd9cc90-4e46-4ea6-ac6f-357b99844fbf,The 33 Cafe,cafe,google_maps_1917,The 33 Café,cafe,62.82,,,,
MATCH:overture:overture:607926b4-ddea-422a-8fc9-c2c751d37a04,PROBABLE_MATCH,PROBABLE_MATCH,0.9114,MACHINE_SUGGESTED,UNCERTAIN,INSUFFICIENT_INDEPENDENT_EVIDENCE,[],PENDING_HUMAN_REVIEW,overture,overture:607926b4-ddea-422a-8fc9-c2c751d37a04,Ngọt Cafe,cafe,google_maps_1910,Ngọt Cafe,cafe,221.45,,,,
MATCH:overture:overture:60b864b9-9114-4e59-a16b-1fdeb346a19c,HIGH_CONFIDENCE_MATCH,HIGH_CONFIDENCE_MATCH,0.9862,MACHINE_SUGGESTED,UNCERTAIN,INSUFFICIENT_INDEPENDENT_EVIDENCE,[],PENDING_HUMAN_REVIEW,overture,overture:60b864b9-9114-4e59-a16b-1fdeb346a19c,Bòng cafe,cafe,google_maps_2321,Bòng Café,cafe,34.6,,,,
MATCH:overture:overture:61c587ec-99b6-43f1-89ef-632ed345034d,HIGH_CONFIDENCE_MATCH,HIGH_CONFIDENCE_MATCH,0.9877,MACHINE_SUGGESTED,UNCERTAIN,INSUFFICIENT_INDEPENDENT_EVIDENCE,[],PENDING_HUMAN_REVIEW,overture,overture:61c587ec-99b6-43f1-89ef-632ed345034d,Nhà hàng Mành - Vietnamese Cuisine,restaurant,google_maps_2308,Nhà hàng Mành - Vietnamese Cuisine,restaurant,30.73,,,,
MATCH:overture:overture:6347fde3-ce7c-44fe-aa47-4e88287fc1e5,HIGH_CONFIDENCE_MATCH,HIGH_CONFIDENCE_MATCH,0.9921,MACHINE_SUGGESTED,UNCERTAIN,INSUFFICIENT_INDEPENDENT_EVIDENCE,[],PENDING_HUMAN_REVIEW,overture,overture:6347fde3-ce7c-44fe-aa47-4e88287fc1e5,HuaCha - Trà sữa ô long hoa - THPT Hoàng Hoa Thám,cafe,google_maps_1848,HuaCha - Trà sữa ô long hoa - THPT Hoàng Hoa Thám,cafe,19.63,,,,
MATCH:overture:overture:64d2e3b1-490c-4304-b42c-0ca9a8afb8a7,PROBABLE_MATCH,PROBABLE_MATCH,0.7255,MACHINE_SUGGESTED,UNCERTAIN,INSUFFICIENT_INDEPENDENT_EVIDENCE,[],PENDING_HUMAN_REVIEW,overture,overture:64d2e3b1-490c-4304-b42c-0ca9a8afb8a7,Quán Phở Mai,restaurant,google_maps_1252,Quán Phở Nhàn,restaurant,142.57,,,,
MATCH:overture:overture:64ef2933-7a80-438b-9455-5a752ca63fd9,NEW_CANDIDATE,NEW_CANDIDATE,0.2966,EVIDENCE_SUPPORTED,NOT_MATCH,SAME_BUILDING_DIFFERENT_BUSINESS,"[""distance_m=22.08"",""incompatible_known_categories""]",STAGE4I_STRUCTURED_EVIDENCE_V1,overture,overture:64ef2933-7a80-438b-9455-5a752ca63fd9,Soar Gym,gym,google_maps_2266,Buffalo Bar,nightlife,22.08,,,,
MATCH:overture:overture:672dfb5a-ea65-4576-9d6c-1dc65d5dc1d3,NEW_CANDIDATE,NEW_CANDIDATE,0.3779,MACHINE_SUGGESTED,UNCERTAIN,INSUFFICIENT_INDEPENDENT_EVIDENCE,[],PENDING_HUMAN_REVIEW,overture,overture:672dfb5a-ea65-4576-9d6c-1dc65d5dc1d3,Phòng khám nội soi Nguyễn Việt Hải - Hải Phòng . Đà Nẵng,doctor,google_maps_1847,HuaCha - Trà sữa ô long hoa - Hải Phòng,cafe,214.29,,,,
MATCH:overture:overture:6a1d3d9f-3937-4910-bbba-aee5536b2f9d,AMBIGUOUS,AMBIGUOUS,0.9749,MACHINE_SUGGESTED,UNCERTAIN,INSUFFICIENT_INDEPENDENT_EVIDENCE,[],PENDING_HUMAN_REVIEW,overture,overture:6a1d3d9f-3937-4910-bbba-aee5536b2f9d,Trà sữa XingFuCha 40 Phạm Như Xương,cafe,google_maps_818,Trà sữa XingFuCha 40 Phạm Như Xương,cafe,62.64,,,,
MATCH:overture:overture:6b078e76-70ba-49e4-825c-542b19d25755,NEW_CANDIDATE,NEW_CANDIDATE,0.6199,MACHINE_SUGGESTED,UNCERTAIN,INSUFFICIENT_INDEPENDENT_EVIDENCE,[],PENDING_HUMAN_REVIEW,overture,overture:6b078e76-70ba-49e4-825c-542b19d25755,1991 Coffee & Tea,cafe,google_maps_817,Sunshine Coffee & Milktea,cafe,80.37,,,,
MATCH:overture:overture:6c9d9904-7a89-42bf-9d8d-b59dcd9d6107,PROBABLE_MATCH,PROBABLE_MATCH,0.6655,MACHINE_SUGGESTED,UNCERTAIN,INSUFFICIENT_INDEPENDENT_EVIDENCE,[],PENDING_HUMAN_REVIEW,overture,overture:6c9d9904-7a89-42bf-9d8d-b59dcd9d6107,Milano 245 Bế Văn Đàn,cafe,foody_222,Hải Sản Cô Ba - Bế Văn Đàn,restaurant,45.12,,,,
MATCH:overture:overture:6e3e8ec9-8d72-4053-9d85-c2c4e7d8f3b2,NEW_CANDIDATE,NEW_CANDIDATE,0.3713,MACHINE_SUGGESTED,UNCERTAIN,INSUFFICIENT_INDEPENDENT_EVIDENCE,[],PENDING_HUMAN_REVIEW,overture,overture:6e3e8ec9-8d72-4053-9d85-c2c4e7d8f3b2,Shop gấu bông  quận Hải Châu Đà Nẵng,flowers,google_maps_2796,Quán ăn Hai Trí Sài Gòn,restaurant,33.24,,,,
MATCH:overture:overture:6fdf8da7-c4f8-47d7-a1e6-e73a95a95f0e,NEW_CANDIDATE,NEW_CANDIDATE,0.2736,MACHINE_SUGGESTED,UNCERTAIN,INSUFFICIENT_INDEPENDENT_EVIDENCE,[],PENDING_HUMAN_REVIEW,overture,overture:6fdf8da7-c4f8-47d7-a1e6-e73a95a95f0e,Công ty cổ phần Trà Anh - Xây Dựng 0905.898.880,construction,google_maps_2364,100 Ngày Hạ - Trà tròn vị,cafe,170.35,,,,
MATCH:overture:overture:708958dc-5cd7-4e8f-a23d-7548fd40dc90,HIGH_CONFIDENCE_MATCH,HIGH_CONFIDENCE_MATCH,0.9976,MACHINE_SUGGESTED,UNCERTAIN,INSUFFICIENT_INDEPENDENT_EVIDENCE,[],PENDING_HUMAN_REVIEW,overture,overture:708958dc-5cd7-4e8f-a23d-7548fd40dc90,TRASU - Trà sữa đậm vị,cafe,google_maps_1012,TRASU - Trà sữa đậm vị,cafe,5.98,,,,
MATCH:overture:overture:71527d81-ffc8-4440-8c65-e7b2d381f0ef,NEW_CANDIDATE,NEW_CANDIDATE,0.3724,MACHINE_SUGGESTED,UNCERTAIN,INSUFFICIENT_INDEPENDENT_EVIDENCE,[],PENDING_HUMAN_REVIEW,overture,overture:71527d81-ffc8-4440-8c65-e7b2d381f0ef,Siêu thị Thế Giới Di Động (Trung Tâm Laptop),home,google_maps_1148,"Sushi Time - 305 Điện Biên Phủ, Đà Nẵng",restaurant,86.76,,,,
MATCH:overture:overture:71a1c858-8e4e-4306-a063-e2da20b8d4a0,HIGH_CONFIDENCE_MATCH,HIGH_CONFIDENCE_MATCH,0.9865,MACHINE_SUGGESTED,UNCERTAIN,INSUFFICIENT_INDEPENDENT_EVIDENCE,[],PENDING_HUMAN_REVIEW,overture,overture:71a1c858-8e4e-4306-a063-e2da20b8d4a0,NOWA Chicken & Food | Nhà hàng gà rán và mỳ cay Hàn Quốc tại Đà Nẵng,restaurant,google_maps_4826,NOWA Chicken & Food | Nhà hàng gà rán và mỳ cay Hàn Quốc tại Đà Nẵng,restaurant,33.69,,,,
MATCH:overture:overture:7219119b-0478-43a5-ab4d-2b451cf99f34,PROBABLE_MATCH,PROBABLE_MATCH,0.8536,MACHINE_SUGGESTED,UNCERTAIN,INSUFFICIENT_INDEPENDENT_EVIDENCE,[],PENDING_HUMAN_REVIEW,overture,overture:7219119b-0478-43a5-ab4d-2b451cf99f34,Gỏi Cá Thanh Hương- Đặc sản Nam Ô,restaurant,google_maps_622,Gỏi Cá Thanh Hương - Nam Ô,restaurant,3.59,,,,
MATCH:overture:overture:741f74ca-15b0-4c6b-83d6-51d4f3db8921,NEW_CANDIDATE,NEW_CANDIDATE,0.324,MACHINE_SUGGESTED,UNCERTAIN,INSUFFICIENT_INDEPENDENT_EVIDENCE,[],PENDING_HUMAN_REVIEW,overture,overture:741f74ca-15b0-4c6b-83d6-51d4f3db8921,Dona Wedding Bridal,bridal,google_maps_1938,Đồng Tiến Bakery,bakery,147.98,,,,
MATCH:overture:overture:743203d8-65d9-40d8-a248-c87bc23a8d66,NEW_CANDIDATE,NEW_CANDIDATE,0.4747,MACHINE_SUGGESTED,UNCERTAIN,INSUFFICIENT_INDEPENDENT_EVIDENCE,[],PENDING_HUMAN_REVIEW,overture,overture:743203d8-65d9-40d8-a248-c87bc23a8d66,"Cửa hàng bán dụng cụ, trang thiết bị thể thao tại Đà Nẵng-Quảng Nam-Huế",shopping,google_maps_3839,Cát Tường Homestay,shopping,136.83,,,,
MATCH:overture:overture:7555b69e-4737-448c-8380-3e06c48566ff,AMBIGUOUS,AMBIGUOUS,0.9962,MACHINE_SUGGESTED,UNCERTAIN,INSUFFICIENT_INDEPENDENT_EVIDENCE,[],PENDING_HUMAN_REVIEW,overture,overture:7555b69e-4737-448c-8380-3e06c48566ff,Đồng Tiến Bakery,bakery,google_maps_2444,Đồng Tiến Bakery,bakery,9.51,,,,
MATCH:overture:overture:75df8972-8aea-4991-8c8f-a6a3b023db97,PROBABLE_MATCH,PROBABLE_MATCH,0.7311,MACHINE_SUGGESTED,UNCERTAIN,INSUFFICIENT_INDEPENDENT_EVIDENCE,[],PENDING_HUMAN_REVIEW,overture,overture:75df8972-8aea-4991-8c8f-a6a3b023db97,Pizza Khủng Long Mập - Ông Ích Đường,restaurant,foody_1118,Mì Quảng Bà Mua - Ông Ích Đường,restaurant,117.96,,,,
MATCH:overture:overture:792115c9-a935-468e-80c4-2c38485b8474,PROBABLE_MATCH,PROBABLE_MATCH,0.9415,MACHINE_SUGGESTED,UNCERTAIN,INSUFFICIENT_INDEPENDENT_EVIDENCE,[],PENDING_HUMAN_REVIEW,overture,overture:792115c9-a935-468e-80c4-2c38485b8474,Quan Mau - Banh Trang Thit Heo,restaurant,foody_1198,Quán Mậu - Bánh Tráng Thịt Heo,restaurant,146.27,,,,
MATCH:overture:overture:7ce90511-f61d-47b1-83c5-21f1d37c12b9,NEW_CANDIDATE,NEW_CANDIDATE,0.3016,MACHINE_SUGGESTED,UNCERTAIN,INSUFFICIENT_INDEPENDENT_EVIDENCE,[],PENDING_HUMAN_REVIEW,overture,overture:7ce90511-f61d-47b1-83c5-21f1d37c12b9,Cupid Wedding Đà Nẵng,professional,foody_1073,Ốc Hút Cây Bàng,restaurant,132.66,,,,
MATCH:overture:overture:7ce99702-701f-4168-9120-a94d2821c228,AMBIGUOUS,AMBIGUOUS,0.7478,MACHINE_SUGGESTED,UNCERTAIN,INSUFFICIENT_INDEPENDENT_EVIDENCE,[],PENDING_HUMAN_REVIEW,overture,overture:7ce99702-701f-4168-9120-a94d2821c228,Tiệm bánh Hồng Ân,cafe,google_maps_421,Tiệm Bánh Hồng Ân,bakery,382.97,,,,
MATCH:overture:overture:7d000f90-2aef-4b63-a1e7-e001c1855b82,NEW_CANDIDATE,NEW_CANDIDATE,0.3284,MACHINE_SUGGESTED,UNCERTAIN,INSUFFICIENT_INDEPENDENT_EVIDENCE,[],PENDING_HUMAN_REVIEW,overture,overture:7d000f90-2aef-4b63-a1e7-e001c1855b82,7:AM hair salon,beauty,google_maps_2339,Coxi garden cafe,cafe,65.6,,,,
MATCH:overture:overture:7d087016-b485-4aad-a7f9-e61cdc828dbb,HIGH_CONFIDENCE_MATCH,HIGH_CONFIDENCE_MATCH,0.9899,MACHINE_SUGGESTED,UNCERTAIN,INSUFFICIENT_INDEPENDENT_EVIDENCE,[],PENDING_HUMAN_REVIEW,overture,overture:7d087016-b485-4aad-a7f9-e61cdc828dbb,PongDang - Nhà Hàng Buffet Hàn Quốc,restaurant,google_maps_106,PongDang - Nhà Hàng Buffet Hàn Quốc,restaurant,25.2,,,,
MATCH:overture:overture:7d34b2f6-bddd-4b62-b6f5-e6bcf0f3ee4d,PROBABLE_MATCH,PROBABLE_MATCH,0.9717,MACHINE_SUGGESTED,UNCERTAIN,INSUFFICIENT_INDEPENDENT_EVIDENCE,[],PENDING_HUMAN_REVIEW,overture,overture:7d34b2f6-bddd-4b62-b6f5-e6bcf0f3ee4d,Lu Coffee,cafe,google_maps_2709,Lu Coffee,cafe,70.71,,,,
MATCH:overture:overture:7e4b0c96-3e53-42db-abe0-ea818603824a,HIGH_CONFIDENCE_MATCH,HIGH_CONFIDENCE_MATCH,0.9936,MACHINE_SUGGESTED,UNCERTAIN,INSUFFICIENT_INDEPENDENT_EVIDENCE,[],PENDING_HUMAN_REVIEW,overture,overture:7e4b0c96-3e53-42db-abe0-ea818603824a,Trà Sữa YUKI HANA,cafe,google_maps_142,Trà Sữa YUKI HANA,cafe,15.99,,,,
MATCH:overture:overture:7e56c436-2a36-475a-a1a0-fb93dd55674e,NEW_CANDIDATE,NEW_CANDIDATE,0.4022,MACHINE_SUGGESTED,UNCERTAIN,INSUFFICIENT_INDEPENDENT_EVIDENCE,[],PENDING_HUMAN_REVIEW,overture,overture:7e56c436-2a36-475a-a1a0-fb93dd55674e,Quảng cáo - Nội thất Đà Nẵng,interior,google_maps_965,Tiệm Bánh Đồng Thuận Bakery,shopping,138.89,,,,
MATCH:overture:overture:7f92a331-4db2-4417-a840-536c31d443e8,NEW_CANDIDATE,NEW_CANDIDATE,0.5069,MACHINE_SUGGESTED,UNCERTAIN,INSUFFICIENT_INDEPENDENT_EVIDENCE,[],PENDING_HUMAN_REVIEW,overture,overture:7f92a331-4db2-4417-a840-536c31d443e8,Điểm Tâm Hồng - Trần Kế Xương,cafe,google_maps_4346,Milano Coffee Ái Nghĩa,cafe,104.87,,,,
MATCH:overture:overture:7fe13725-1e8b-47af-a540-23d7018431ef,HIGH_CONFIDENCE_MATCH,HIGH_CONFIDENCE_MATCH,0.9981,MACHINE_SUGGESTED,UNCERTAIN,INSUFFICIENT_INDEPENDENT_EVIDENCE,[],PENDING_HUMAN_REVIEW,overture,overture:7fe13725-1e8b-47af-a540-23d7018431ef,Cơm Chiên Long Phụng,restaurant,google_maps_2900,Cơm Chiên Long Phụng,restaurant,4.63,,,,
MATCH:overture:overture:806d1588-fc7f-47b8-b0ad-dffa8782a6f1,NEW_CANDIDATE,NEW_CANDIDATE,0,MACHINE_SUGGESTED,UNCERTAIN,INSUFFICIENT_INDEPENDENT_EVIDENCE,[],PENDING_HUMAN_REVIEW,overture,overture:806d1588-fc7f-47b8-b0ad-dffa8782a6f1,Khu đô thị Kim Long City,real,,,,,,,,
MATCH:overture:overture:83842b32-54e3-46d4-80f7-dde59f6e8ab6,NEW_CANDIDATE,NEW_CANDIDATE,0.2514,MACHINE_SUGGESTED,UNCERTAIN,INSUFFICIENT_INDEPENDENT_EVIDENCE,[],PENDING_HUMAN_REVIEW,overture,overture:83842b32-54e3-46d4-80f7-dde59f6e8ab6,BTM Apartment Da Nang,holiday,google_maps_2411,Flora Bar & Lounge,nightlife,161.56,,,,
MATCH:overture:overture:869b0d68-7b43-49c1-aecc-69dd974ae1c5,PROBABLE_MATCH,PROBABLE_MATCH,0.8114,MACHINE_SUGGESTED,UNCERTAIN,INSUFFICIENT_INDEPENDENT_EVIDENCE,[],PENDING_HUMAN_REVIEW,overture,overture:869b0d68-7b43-49c1-aecc-69dd974ae1c5,"POOM - Cà phê, Trà trái cây, Rau má pha, Ăn vặt.",cafe,google_maps_1862,POOM - trà trái cây - trà sữa - cà phê - ăn vặt,cafe,22.72,,,,
MATCH:overture:overture:870d33a1-b9ba-459e-888b-b48c29911766,PROBABLE_MATCH,PROBABLE_MATCH,0.9795,MACHINE_SUGGESTED,UNCERTAIN,INSUFFICIENT_INDEPENDENT_EVIDENCE,[],PENDING_HUMAN_REVIEW,overture,overture:870d33a1-b9ba-459e-888b-b48c29911766,Hoan Vu Hai San Tuoi Song,restaurant,foody_509,Hoàn Vũ - Hải Sản Tươi Sống,restaurant,51.35,,,,
MATCH:overture:overture:897f9ff8-5bcf-4d04-a33c-e9a1187ca1d4,NEW_CANDIDATE,NEW_CANDIDATE,0.3101,MACHINE_SUGGESTED,UNCERTAIN,INSUFFICIENT_INDEPENDENT_EVIDENCE,[],PENDING_HUMAN_REVIEW,overture,overture:897f9ff8-5bcf-4d04-a33c-e9a1187ca1d4,Futagobim Company,graphic,google_maps_2132,La Bicicleta café,cafe,151.33,,,,
MATCH:overture:overture:8ad55680-4db0-4d4d-88e8-a2e024514a57,NEW_CANDIDATE,NEW_CANDIDATE,0.5438,MACHINE_SUGGESTED,UNCERTAIN,INSUFFICIENT_INDEPENDENT_EVIDENCE,[],PENDING_HUMAN_REVIEW,overture,overture:8ad55680-4db0-4d4d-88e8-a2e024514a57,Café - Giải Khát Yến Nhi,cafe,google_maps_4627,Cà phê Đức Nhi,cafe,372.93,,,,
MATCH:overture:overture:8c6ba5b8-a208-482d-aaf2-1b0dee31d8f5,PROBABLE_MATCH,PROBABLE_MATCH,0.9791,MACHINE_SUGGESTED,UNCERTAIN,INSUFFICIENT_INDEPENDENT_EVIDENCE,[],PENDING_HUMAN_REVIEW,overture,overture:8c6ba5b8-a208-482d-aaf2-1b0dee31d8f5,Bún Thịt Nướng Phú Hồng,restaurant,foody_162,Bún Thịt Nướng Phú Hồng,restaurant,52.28,,,,
MATCH:overture:overture:8cde6116-c323-4684-9c68-f7cdcd9e55e7,PROBABLE_MATCH,PROBABLE_MATCH,0.9596,MACHINE_SUGGESTED,UNCERTAIN,INSUFFICIENT_INDEPENDENT_EVIDENCE,[],PENDING_HUMAN_REVIEW,overture,overture:8cde6116-c323-4684-9c68-f7cdcd9e55e7,Tiệm Bún Đậu Ông Chú,restaurant,google_maps_5176,Tiệm Bún Đậu Ông Chú,restaurant,100.91,,,,
MATCH:overture:overture:8e20c48f-4a39-4a5b-8f01-4f95ae39e19a,PROBABLE_MATCH,PROBABLE_MATCH,0.7891,MACHINE_SUGGESTED,UNCERTAIN,INSUFFICIENT_INDEPENDENT_EVIDENCE,[],PENDING_HUMAN_REVIEW,overture,overture:8e20c48f-4a39-4a5b-8f01-4f95ae39e19a,Tra sua,cafe,google_maps_2465,Trà sữa BB,cafe,92.31,,,,
MATCH:overture:overture:8f6763a2-5cb6-417e-8a49-517a52ee8ea5,HIGH_CONFIDENCE_MATCH,HIGH_CONFIDENCE_MATCH,0.9929,MACHINE_SUGGESTED,UNCERTAIN,INSUFFICIENT_INDEPENDENT_EVIDENCE,[],PENDING_HUMAN_REVIEW,overture,overture:8f6763a2-5cb6-417e-8a49-517a52ee8ea5,Quán Heo Tộc,restaurant,google_maps_2468,Quán Heo Tộc,restaurant,17.73,,,,
MATCH:overture:overture:8ff8aa4d-88eb-4c00-a6c3-cfb055345714,PROBABLE_MATCH,PROBABLE_MATCH,0.9021,MACHINE_SUGGESTED,UNCERTAIN,INSUFFICIENT_INDEPENDENT_EVIDENCE,[],PENDING_HUMAN_REVIEW,overture,overture:8ff8aa4d-88eb-4c00-a6c3-cfb055345714,Quán Ăn Bà Tỉnh 2,restaurant,google_maps_902,Quán ăn Bà Tỉnh,restaurant,3,,,,
MATCH:overture:overture:92fae557-36ab-4bcd-95d4-3c91be12fae6,PROBABLE_MATCH,PROBABLE_MATCH,0.7739,MACHINE_SUGGESTED,UNCERTAIN,INSUFFICIENT_INDEPENDENT_EVIDENCE,[],PENDING_HUMAN_REVIEW,overture,overture:92fae557-36ab-4bcd-95d4-3c91be12fae6,Chè Xuân Trang,restaurant,foody_152,Chè Xuân Trang - Lê Duẩn,restaurant,38.1,,,,
MATCH:overture:overture:93b22279-53bd-4000-9bf4-61b33cd4c15c,PROBABLE_MATCH,PROBABLE_MATCH,0.787,MACHINE_SUGGESTED,UNCERTAIN,INSUFFICIENT_INDEPENDENT_EVIDENCE,[],PENDING_HUMAN_REVIEW,overture,overture:93b22279-53bd-4000-9bf4-61b33cd4c15c,TÝ CÀ PHƠ,cafe,google_maps_2843,TRE Ca Phe,cafe,97.5,,,,
MATCH:overture:overture:940be6db-2eda-4f0a-8d2a-7e28d5373069,HIGH_CONFIDENCE_MATCH,HIGH_CONFIDENCE_MATCH,0.9864,MACHINE_SUGGESTED,UNCERTAIN,INSUFFICIENT_INDEPENDENT_EVIDENCE,[],PENDING_HUMAN_REVIEW,overture,overture:940be6db-2eda-4f0a-8d2a-7e28d5373069,Quán Ăn Bà Hồng,restaurant,google_maps_1157,Quán Ăn Bà Hồng,restaurant,34.01,,,,
MATCH:overture:overture:9581625b-ba0d-401f-9365-fb3006c9b537,NEW_CANDIDATE,NEW_CANDIDATE,0.4511,MACHINE_SUGGESTED,UNCERTAIN,INSUFFICIENT_INDEPENDENT_EVIDENCE,[],PENDING_HUMAN_REVIEW,overture,overture:9581625b-ba0d-401f-9365-fb3006c9b537,I3 Coffee,cafe,google_maps_1940,Bánh Mỳ Thính,cafe,33.73,,,,
MATCH:overture:overture:97837a9c-c660-4de2-ae17-333d173e3b6f,NEW_CANDIDATE,NEW_CANDIDATE,0.4154,MACHINE_SUGGESTED,UNCERTAIN,INSUFFICIENT_INDEPENDENT_EVIDENCE,[],PENDING_HUMAN_REVIEW,overture,overture:97837a9c-c660-4de2-ae17-333d173e3b6f,Baochaushop da Nang- 560 Trưng Nữ Vương,shopping,google_maps_2847,Cà Phê Muối Huế 4 - N Salt cafe Trưng Nữ Vương,cafe,205.09,,,,
MATCH:overture:overture:97c2b690-67fc-4cb4-971b-5ebcba429b8a,NEW_CANDIDATE,NEW_CANDIDATE,0.3556,MACHINE_SUGGESTED,UNCERTAIN,INSUFFICIENT_INDEPENDENT_EVIDENCE,[],PENDING_HUMAN_REVIEW,overture,overture:97c2b690-67fc-4cb4-971b-5ebcba429b8a,Bất Động Sản Huy Cường Bat Dong San Huy Cuong,event,google_maps_2044,Quán Tiến - Ăn Uống - Nhậu Bình Dân,restaurant,126.48,,,,
MATCH:overture:overture:98696946-0e7f-46c6-9904-0807e2afa9c0,HIGH_CONFIDENCE_MATCH,HIGH_CONFIDENCE_MATCH,0.9925,MACHINE_SUGGESTED,UNCERTAIN,INSUFFICIENT_INDEPENDENT_EVIDENCE,[],PENDING_HUMAN_REVIEW,overture,overture:98696946-0e7f-46c6-9904-0807e2afa9c0,Phú khang cafe -ăn sáng,cafe,google_maps_4620,Phú khang cafe -ăn sáng,cafe,18.82,,,,
MATCH:overture:overture:99a28e27-23fc-4325-97cd-c7cadd9a66b7,HIGH_CONFIDENCE_MATCH,HIGH_CONFIDENCE_MATCH,0.9981,MACHINE_SUGGESTED,UNCERTAIN,INSUFFICIENT_INDEPENDENT_EVIDENCE,[],PENDING_HUMAN_REVIEW,overture,overture:99a28e27-23fc-4325-97cd-c7cadd9a66b7,Nhà hàng Phố Biển,restaurant,google_maps_2549,Nhà hàng Phố Biển,restaurant,4.87,,,,
MATCH:overture:overture:9b69f66b-dc90-4edf-9cee-22add71e59d3,NEW_CANDIDATE,NEW_CANDIDATE,0.3233,EVIDENCE_SUPPORTED,NOT_MATCH,SAME_BUILDING_DIFFERENT_BUSINESS,"[""distance_m=13.88"",""incompatible_known_categories""]",STAGE4I_STRUCTURED_EVIDENCE_V1,overture,overture:9b69f66b-dc90-4edf-9cee-22add71e59d3,May House Homestay Đà Nẵng,holiday,google_maps_2060,Quán Ăn Trường Sinh,restaurant,13.88,,,,
MATCH:overture:overture:9f25cc9c-486a-41bb-82bf-f60098365a18,NEW_CANDIDATE,NEW_CANDIDATE,0.3023,MACHINE_SUGGESTED,UNCERTAIN,INSUFFICIENT_INDEPENDENT_EVIDENCE,[],PENDING_HUMAN_REVIEW,overture,overture:9f25cc9c-486a-41bb-82bf-f60098365a18,JPK Võ Group,industrial,google_maps_4917,Cơm Bếp Ngọ - Cơm gà,restaurant,66.51,,,,
MATCH:overture:overture:a143b344-7771-4cb9-aaf3-c0d26ae8dba3,HIGH_CONFIDENCE_MATCH,HIGH_CONFIDENCE_MATCH,0.9903,MACHINE_SUGGESTED,UNCERTAIN,INSUFFICIENT_INDEPENDENT_EVIDENCE,[],PENDING_HUMAN_REVIEW,overture,overture:a143b344-7771-4cb9-aaf3-c0d26ae8dba3,Kebab Ngon,restaurant,google_maps_1511,Kebab Ngon,restaurant,24.25,,,,
MATCH:overture:overture:a1c463a9-ad5b-4b86-acc7-2e6dca34e38c,AMBIGUOUS,AMBIGUOUS,0.9301,MACHINE_SUGGESTED,UNCERTAIN,INSUFFICIENT_INDEPENDENT_EVIDENCE,[],PENDING_HUMAN_REVIEW,overture,overture:a1c463a9-ad5b-4b86-acc7-2e6dca34e38c,Đồng Tiến Bakery - Kinh Dương Vương,bakery,google_maps_1283,Đồng Tiến Bakery - Kinh Dương Vương,bakery,174.85,,,,
MATCH:overture:overture:a27949f2-1517-4641-a8c6-2e50da7f8bab,NEW_CANDIDATE,NEW_CANDIDATE,0.3035,MACHINE_SUGGESTED,UNCERTAIN,INSUFFICIENT_INDEPENDENT_EVIDENCE,[],PENDING_HUMAN_REVIEW,overture,overture:a27949f2-1517-4641-a8c6-2e50da7f8bab,Uyen Beauty Spa,beauty,google_maps_867,Jollibee Lý Thái Tổ,restaurant,122.84,,,,
MATCH:overture:overture:a44c8bda-f298-48d0-bafa-a26c3ed8d506,HIGH_CONFIDENCE_MATCH,HIGH_CONFIDENCE_MATCH,0.9945,MACHINE_SUGGESTED,UNCERTAIN,INSUFFICIENT_INDEPENDENT_EVIDENCE,[],PENDING_HUMAN_REVIEW,overture,overture:a44c8bda-f298-48d0-bafa-a26c3ed8d506,Tiệm Quê Nhà,restaurant,google_maps_874,Tiệm Quê Nhà,restaurant,13.82,,,,
MATCH:overture:overture:a4dff44e-f413-4656-867d-d8d22369f0e2,NEW_CANDIDATE,NEW_CANDIDATE,0.3119,MACHINE_SUGGESTED,UNCERTAIN,INSUFFICIENT_INDEPENDENT_EVIDENCE,[],PENDING_HUMAN_REVIEW,overture,overture:a4dff44e-f413-4656-867d-d8d22369f0e2,Bảo Hiểm Xã Hội Tp.Đà Nẵng,insurance,google_maps_1434,Nhà Hàng Hải Sản - Ơ Kìa,restaurant,123.06,,,,
MATCH:overture:overture:a77cba98-6661-46de-9ffb-92bd80ce0711,HIGH_CONFIDENCE_MATCH,HIGH_CONFIDENCE_MATCH,0.9891,MACHINE_SUGGESTED,UNCERTAIN,INSUFFICIENT_INDEPENDENT_EVIDENCE,[],PENDING_HUMAN_REVIEW,overture,overture:a77cba98-6661-46de-9ffb-92bd80ce0711,Hàu Nướng Quang Trân,restaurant,google_maps_893,Hàu Nướng Quang Trân,restaurant,27.24,,,,
MATCH:overture:overture:a7f5454c-e582-48c2-8541-1d081a280662,NEW_CANDIDATE,NEW_CANDIDATE,0.3112,EVIDENCE_SUPPORTED,NOT_MATCH,SAME_BUILDING_DIFFERENT_BUSINESS,"[""distance_m=12.02"",""incompatible_known_categories""]",STAGE4I_STRUCTURED_EVIDENCE_V1,overture,overture:a7f5454c-e582-48c2-8541-1d081a280662,DBA-Office for lease,event,google_maps_2344,Minh Quan Hotel,shopping,12.02,,,,
MATCH:overture:overture:a8c77348-b2c6-457f-89b5-af7f289b5e9f,NEW_CANDIDATE,NEW_CANDIDATE,0.2725,MACHINE_SUGGESTED,UNCERTAIN,INSUFFICIENT_INDEPENDENT_EVIDENCE,[],PENDING_HUMAN_REVIEW,overture,overture:a8c77348-b2c6-457f-89b5-af7f289b5e9f,Heart Spa Body and Foot Massage,spas,google_maps_2636,Coffee Huỳnh Gia,cafe,52.65,,,,
MATCH:overture:overture:ad33982d-9a06-4586-8cb2-321f6009248b,NEW_CANDIDATE,NEW_CANDIDATE,0.3378,MACHINE_SUGGESTED,UNCERTAIN,INSUFFICIENT_INDEPENDENT_EVIDENCE,[],PENDING_HUMAN_REVIEW,overture,overture:ad33982d-9a06-4586-8cb2-321f6009248b,Dịch Vụ Sửa Xe AN THỦY,motorcycle,foody_123,Bonchon Chicken - Lê Hồng Phong,restaurant,105.58,,,,
MATCH:overture:overture:afe55b05-863e-4408-958e-011ffa20c6c1,NEW_CANDIDATE,NEW_CANDIDATE,0.2577,MACHINE_SUGGESTED,UNCERTAIN,INSUFFICIENT_INDEPENDENT_EVIDENCE,[],PENDING_HUMAN_REVIEW,overture,overture:afe55b05-863e-4408-958e-011ffa20c6c1,Thảo Mộc Nhà Sam,professional,foody_1097,Quảng Đà Quán - Lẩu Tiến Vua,restaurant,131.86,,,,
MATCH:overture:overture:b0d7d777-9913-494d-91f9-4834549800df,HIGH_CONFIDENCE_MATCH,HIGH_CONFIDENCE_MATCH,0.9926,MACHINE_SUGGESTED,UNCERTAIN,INSUFFICIENT_INDEPENDENT_EVIDENCE,[],PENDING_HUMAN_REVIEW,overture,overture:b0d7d777-9913-494d-91f9-4834549800df,NAWA Café and Healthy Corner,cafe,google_maps_4437,NAWA Café & Healthy Corner,cafe,18.38,,,,
MATCH:overture:overture:b0dd3a30-3ec8-4bd3-b184-d29ba33b49a9,AMBIGUOUS,AMBIGUOUS,0.946,MACHINE_SUGGESTED,UNCERTAIN,INSUFFICIENT_INDEPENDENT_EVIDENCE,[],PENDING_HUMAN_REVIEW,overture,overture:b0dd3a30-3ec8-4bd3-b184-d29ba33b49a9,Nhà Hàng Phương Nam,restaurant,google_maps_3442,Nhà Hàng Phương Nam,restaurant,134.92,,,,
MATCH:overture:overture:b101b7fc-2cc3-4593-ae37-8a4d4dc434dd,PROBABLE_MATCH,PROBABLE_MATCH,0.9762,MACHINE_SUGGESTED,UNCERTAIN,INSUFFICIENT_INDEPENDENT_EVIDENCE,[],PENDING_HUMAN_REVIEW,overture,overture:b101b7fc-2cc3-4593-ae37-8a4d4dc434dd,Sài Gòn Cafe Đá,cafe,google_maps_2490,Sài Gòn Cafe đá,cafe,59.47,,,,
MATCH:overture:overture:b158d76a-2851-4816-9c74-32a9b51cf77a,NEW_CANDIDATE,NEW_CANDIDATE,0.2795,MACHINE_SUGGESTED,UNCERTAIN,INSUFFICIENT_INDEPENDENT_EVIDENCE,[],PENDING_HUMAN_REVIEW,overture,overture:b158d76a-2851-4816-9c74-32a9b51cf77a,PTG AUTO,automotive,google_maps_3382,Minh Phương Bakery,bakery,64.77,,,,
MATCH:overture:overture:b1a82a6c-4987-4a0c-9b8b-34dbaefb7055,NEW_CANDIDATE,NEW_CANDIDATE,0.3439,MACHINE_SUGGESTED,UNCERTAIN,INSUFFICIENT_INDEPENDENT_EVIDENCE,[],PENDING_HUMAN_REVIEW,overture,overture:b1a82a6c-4987-4a0c-9b8b-34dbaefb7055,Lu-nailroom,nail,google_maps_2796,Quán ăn Hai Trí Sài Gòn,restaurant,43.13,,,,
MATCH:overture:overture:b288eabc-10f0-44aa-a3be-256b070b0fee,NEW_CANDIDATE,NEW_CANDIDATE,0.5178,MACHINE_SUGGESTED,UNCERTAIN,INSUFFICIENT_INDEPENDENT_EVIDENCE,[],PENDING_HUMAN_REVIEW,overture,overture:b288eabc-10f0-44aa-a3be-256b070b0fee,Vườn Bia 1 Đà Nẵng,restaurant,google_maps_2287,Huong Restaurant,restaurant,208.69,,,,
MATCH:overture:overture:b39cdf26-a92c-430d-8de4-661523b98db0,PROBABLE_MATCH,PROBABLE_MATCH,0.7922,MACHINE_SUGGESTED,UNCERTAIN,INSUFFICIENT_INDEPENDENT_EVIDENCE,[],PENDING_HUMAN_REVIEW,overture,overture:b39cdf26-a92c-430d-8de4-661523b98db0,Dong Duong,restaurant,google_maps_2553,Nhà hàng Đông Dương - Dong Duong Restaurant,restaurant,36.16,,,,
MATCH:overture:overture:b3b5e3e8-9681-4ae7-96da-00bd9caca862,PROBABLE_MATCH,PROBABLE_MATCH,0.6423,MACHINE_SUGGESTED,UNCERTAIN,INSUFFICIENT_INDEPENDENT_EVIDENCE,[],PENDING_HUMAN_REVIEW,overture,overture:b3b5e3e8-9681-4ae7-96da-00bd9caca862,Highlands Coffee Nguyen Van Thoai - Da Nang City,cafe,google_maps_1822,McDonald's Nguyễn Văn Thoại,restaurant,85.42,,,,
MATCH:overture:overture:b3cddb60-56a4-415b-98f2-d4021d44b7e1,NEW_CANDIDATE,NEW_CANDIDATE,0.3814,MACHINE_SUGGESTED,UNCERTAIN,INSUFFICIENT_INDEPENDENT_EVIDENCE,[],PENDING_HUMAN_REVIEW,overture,overture:b3cddb60-56a4-415b-98f2-d4021d44b7e1,In ảnh giá rẻ,shopping,foody_1171,Quán Loan - Bún Bò & Giò Heo,restaurant,113.88,,,,
MATCH:overture:overture:b4e86f4e-fd7b-47d0-b432-9b4458ec5d85,PROBABLE_MATCH,PROBABLE_MATCH,0.9222,MACHINE_SUGGESTED,UNCERTAIN,INSUFFICIENT_INDEPENDENT_EVIDENCE,[],PENDING_HUMAN_REVIEW,overture,overture:b4e86f4e-fd7b-47d0-b432-9b4458ec5d85,Cafe Street 102,cafe,google_maps_465,Cafe Street 102,cafe,194.44,,,,
MATCH:overture:overture:b752e4a3-de8c-44d7-8c5f-7acc835eff53,NEW_CANDIDATE,NEW_CANDIDATE,0.3426,MACHINE_SUGGESTED,UNCERTAIN,INSUFFICIENT_INDEPENDENT_EVIDENCE,[],PENDING_HUMAN_REVIEW,overture,overture:b752e4a3-de8c-44d7-8c5f-7acc835eff53,Kem Face PhÁP,beauty,google_maps_2291,Jam Space Café,cafe,89.61,,,,
MATCH:overture:overture:b75b1ee6-de8d-4c54-b6ca-5f74e13e8e7c,NEW_CANDIDATE,NEW_CANDIDATE,0.5092,MACHINE_SUGGESTED,UNCERTAIN,INSUFFICIENT_INDEPENDENT_EVIDENCE,[],PENDING_HUMAN_REVIEW,overture,overture:b75b1ee6-de8d-4c54-b6ca-5f74e13e8e7c,Tulip Czech Beer Restaurant,restaurant,google_maps_1400,Popeyes Núi Thành - Đà Nẵng,restaurant,153.01,,,,
MATCH:overture:overture:ba9913b7-2066-4da5-b920-ec87c194db4c,NEW_CANDIDATE,NEW_CANDIDATE,0.2713,MACHINE_SUGGESTED,UNCERTAIN,INSUFFICIENT_INDEPENDENT_EVIDENCE,[],PENDING_HUMAN_REVIEW,overture,overture:ba9913b7-2066-4da5-b920-ec87c194db4c,Marvelous Memoirs Fabulous Furama Danang,wedding,google_maps_1725,Quán Cơm Hoàng Trang,restaurant,129.43,,,,
MATCH:overture:overture:bae1f459-a873-4048-8769-32fb3bd14342,NEW_CANDIDATE,NEW_CANDIDATE,0.3851,MACHINE_SUGGESTED,UNCERTAIN,INSUFFICIENT_INDEPENDENT_EVIDENCE,[],PENDING_HUMAN_REVIEW,overture,overture:bae1f459-a873-4048-8769-32fb3bd14342,Sym - Hiệp Gia Phát  - Đà Nẵng,shopping,google_maps_1199,Karaoke Á Châu,nightlife,49,,,,
MATCH:overture:overture:bb2ada33-d1ce-4b0f-ac3e-9b4359343573,PROBABLE_MATCH,PROBABLE_MATCH,0.7915,MACHINE_SUGGESTED,UNCERTAIN,INSUFFICIENT_INDEPENDENT_EVIDENCE,[],PENDING_HUMAN_REVIEW,overture,overture:bb2ada33-d1ce-4b0f-ac3e-9b4359343573,Hủ tiếu Miền Trung,restaurant,google_maps_347,Hủ tiếu Miền Trung 399 âu cơ,restaurant,3.27,,,,
MATCH:overture:overture:bba76397-a7e6-4bb9-8620-7f0856b17831,NEW_CANDIDATE,NEW_CANDIDATE,0.3499,MACHINE_SUGGESTED,UNCERTAIN,INSUFFICIENT_INDEPENDENT_EVIDENCE,[],PENDING_HUMAN_REVIEW,overture,overture:bba76397-a7e6-4bb9-8620-7f0856b17831,"𝐑𝐇𝐌 𝐀𝐬𝐢𝐚𝐧 𝐆𝐫𝐨𝐮𝐩 -Công Ty Tư Vấn Đầu Tư, Quản Lý, Setup Khách Sạn  & Resort",accommodation,google_maps_2005,Sofiana My Khe Hotel & Spa,shopping,80.21,,,,
MATCH:overture:overture:be6a5f08-9d5a-4f6a-8d10-87e2ee0779af,PROBABLE_MATCH,PROBABLE_MATCH,0.8142,MACHINE_SUGGESTED,UNCERTAIN,INSUFFICIENT_INDEPENDENT_EVIDENCE,[],PENDING_HUMAN_REVIEW,overture,overture:be6a5f08-9d5a-4f6a-8d10-87e2ee0779af,Bún Bò Chả Cua Huế Bảo Vy,restaurant,foody_415,Bảo Vy - Bún Bò & Bún Chả Cua,restaurant,101.95,,,,
MATCH:overture:overture:bf34205f-9c7c-4351-ab03-aac69970985a,HIGH_CONFIDENCE_MATCH,HIGH_CONFIDENCE_MATCH,0.9952,MACHINE_SUGGESTED,UNCERTAIN,INSUFFICIENT_INDEPENDENT_EVIDENCE,[],PENDING_HUMAN_REVIEW,overture,overture:bf34205f-9c7c-4351-ab03-aac69970985a,Passion BBQ Buffet,restaurant,google_maps_125,Passion BBQ Buffet,restaurant,12.09,,,,
MATCH:overture:overture:c1554617-7ac1-4a93-a12a-3de9afbc1045,NEW_CANDIDATE,NEW_CANDIDATE,0.531,MACHINE_SUGGESTED,UNCERTAIN,INSUFFICIENT_INDEPENDENT_EVIDENCE,[],PENDING_HUMAN_REVIEW,overture,overture:c1554617-7ac1-4a93-a12a-3de9afbc1045,Bánh Tôm Hồ Tây Phượng Hiền - Đà Nẵng,restaurant,google_maps_2112,Cụi - Cơm nhà hồi nớ!,restaurant,205.94,,,,
MATCH:overture:overture:c282cd58-3168-42d5-92fa-05157c95d72e,PROBABLE_MATCH,PROBABLE_MATCH,0.6333,MACHINE_SUGGESTED,UNCERTAIN,INSUFFICIENT_INDEPENDENT_EVIDENCE,[],PENDING_HUMAN_REVIEW,overture,overture:c282cd58-3168-42d5-92fa-05157c95d72e,Tiệm Trà Nhà Tré,restaurant,google_maps_1209,Trà sữa Tea-Rex,cafe,89.31,,,,
MATCH:overture:overture:c453daf5-c3c0-4b61-a99e-924c5bc8efbc,PROBABLE_MATCH,PROBABLE_MATCH,0.9319,MACHINE_SUGGESTED,UNCERTAIN,INSUFFICIENT_INDEPENDENT_EVIDENCE,[],PENDING_HUMAN_REVIEW,overture,overture:c453daf5-c3c0-4b61-a99e-924c5bc8efbc,Nirva Cafe' Da Nang,cafe,google_maps_1735,Nirva Cafe' Da Nang,cafe,170.15,,,,
MATCH:overture:overture:c46dfa29-11c9-41b7-a43b-1a13824fb1fb,NEW_CANDIDATE,NEW_CANDIDATE,0.3028,MACHINE_SUGGESTED,UNCERTAIN,INSUFFICIENT_INDEPENDENT_EVIDENCE,[],PENDING_HUMAN_REVIEW,overture,overture:c46dfa29-11c9-41b7-a43b-1a13824fb1fb,"Massage Người Mù- Ngũ Hành Sơn, Đà Nẵng",unknown,google_maps_2804,SongKim Quán(HẢI SẢN QUÊ),restaurant,242.93,,,,
MATCH:overture:overture:c49fedf6-0154-46ff-a93b-1e5cd216b27a,NEW_CANDIDATE,NEW_CANDIDATE,0.4901,MACHINE_SUGGESTED,UNCERTAIN,INSUFFICIENT_INDEPENDENT_EVIDENCE,[],PENDING_HUMAN_REVIEW,overture,overture:c49fedf6-0154-46ff-a93b-1e5cd216b27a,Quán Cơm Chay O Đồng,restaurant,google_maps_2819,HẢI SẢN Cây Nhãn,restaurant,96.51,,,,
MATCH:overture:overture:c63fbcf9-d658-4170-8935-1c40147f2251,NEW_CANDIDATE,NEW_CANDIDATE,0.4134,MACHINE_SUGGESTED,UNCERTAIN,INSUFFICIENT_INDEPENDENT_EVIDENCE,[],PENDING_HUMAN_REVIEW,overture,overture:c63fbcf9-d658-4170-8935-1c40147f2251,FAMI House,service,google_maps_1279,Bamboo Hotel,shopping,70.65,,,,
MATCH:overture:overture:c664bedc-b919-43fe-bbed-32240dbc8c22,NEW_CANDIDATE,NEW_CANDIDATE,0.3096,MACHINE_SUGGESTED,UNCERTAIN,INSUFFICIENT_INDEPENDENT_EVIDENCE,[],PENDING_HUMAN_REVIEW,overture,overture:c664bedc-b919-43fe-bbed-32240dbc8c22,MID Travel,travel,google_maps_4205,Rygô QUÁN ĂN THÁI LAN,restaurant,88.62,,,,
MATCH:overture:overture:cbd80eb6-a5b0-418a-a54e-476a11f71d96,PROBABLE_MATCH,PROBABLE_MATCH,0.8889,MACHINE_SUGGESTED,UNCERTAIN,INSUFFICIENT_INDEPENDENT_EVIDENCE,[],PENDING_HUMAN_REVIEW,overture,overture:cbd80eb6-a5b0-418a-a54e-476a11f71d96,Bánh Mỳ Thính,bakery,google_maps_1940,Bánh Mỳ Thính,cafe,30.17,,,,
MATCH:overture:overture:cc42ef8e-fd2b-49d4-bd0a-9c9ec0672fc4,NEW_CANDIDATE,NEW_CANDIDATE,0.5275,MACHINE_SUGGESTED,UNCERTAIN,INSUFFICIENT_INDEPENDENT_EVIDENCE,[],PENDING_HUMAN_REVIEW,overture,overture:cc42ef8e-fd2b-49d4-bd0a-9c9ec0672fc4,Khu Du Lịch Sinh Thái Sơn Phước,restaurant,google_maps_755,Cháo Dinh Dưỡng Huyền Trâm,restaurant,152.28,,,,
MATCH:overture:overture:ce58369f-4ca7-4fc3-b99d-43ae9ab3419c,HIGH_CONFIDENCE_MATCH,HIGH_CONFIDENCE_MATCH,0.9959,MACHINE_SUGGESTED,UNCERTAIN,INSUFFICIENT_INDEPENDENT_EVIDENCE,[],PENDING_HUMAN_REVIEW,overture,overture:ce58369f-4ca7-4fc3-b99d-43ae9ab3419c,An's Cafe,cafe,google_maps_2128,An's Cafe,cafe,10.33,,,,
MATCH:overture:overture:cf69e6bc-aaf6-4e23-81ec-3946ee76e342,HIGH_CONFIDENCE_MATCH,HIGH_CONFIDENCE_MATCH,0.9992,MACHINE_SUGGESTED,UNCERTAIN,INSUFFICIENT_INDEPENDENT_EVIDENCE,[],PENDING_HUMAN_REVIEW,overture,overture:cf69e6bc-aaf6-4e23-81ec-3946ee76e342,Quán Cơm Hoàng Trang,restaurant,google_maps_1725,Quán Cơm Hoàng Trang,restaurant,2.02,,,,
MATCH:overture:overture:d404cd99-fc33-4707-9258-225117f6a084,AMBIGUOUS,AMBIGUOUS,0.999,MACHINE_SUGGESTED,UNCERTAIN,INSUFFICIENT_INDEPENDENT_EVIDENCE,[],PENDING_HUMAN_REVIEW,overture,overture:d404cd99-fc33-4707-9258-225117f6a084,Đồng Tiến Bakery,bakery,google_maps_1938,Đồng Tiến Bakery,bakery,2.53,,,,
MATCH:overture:overture:d66b1171-afa9-45c2-b1e2-15140a31c767,HIGH_CONFIDENCE_MATCH,HIGH_CONFIDENCE_MATCH,0.9896,MACHINE_SUGGESTED,UNCERTAIN,INSUFFICIENT_INDEPENDENT_EVIDENCE,[],PENDING_HUMAN_REVIEW,overture,overture:d66b1171-afa9-45c2-b1e2-15140a31c767,Tiệm Cafe Phin,cafe,google_maps_3335,Tiệm Cafe' Phin,cafe,25.91,,,,
MATCH:overture:overture:d6f551dd-e94d-4a1e-aba3-48b9df50e998,PROBABLE_MATCH,PROBABLE_MATCH,0.7776,MACHINE_SUGGESTED,UNCERTAIN,INSUFFICIENT_INDEPENDENT_EVIDENCE,[],PENDING_HUMAN_REVIEW,overture,overture:d6f551dd-e94d-4a1e-aba3-48b9df50e998,Mi Quang Ba Mua,restaurant,foody_880,Mì Quảng Bà Mua - Đặng Dung,restaurant,72.79,,,,
MATCH:overture:overture:d70565e5-8d35-4b5f-9680-0a111c68a197,NEW_CANDIDATE,NEW_CANDIDATE,0.3152,MACHINE_SUGGESTED,UNCERTAIN,INSUFFICIENT_INDEPENDENT_EVIDENCE,[],PENDING_HUMAN_REVIEW,overture,overture:d70565e5-8d35-4b5f-9680-0a111c68a197,In thiết kế name card tờ rơi nhãn mác bao bì Đà Nẵng,graphic,google_maps_1074,Haneul Chicken - Tiệm gà Hàn Quốc,restaurant,74.42,,,,
MATCH:overture:overture:d70b0b09-e990-46e5-806d-d2aefdbf6871,NEW_CANDIDATE,NEW_CANDIDATE,0.3195,MACHINE_SUGGESTED,UNCERTAIN,INSUFFICIENT_INDEPENDENT_EVIDENCE,[],PENDING_HUMAN_REVIEW,overture,overture:d70b0b09-e990-46e5-806d-d2aefdbf6871,Vietcombank,bank,google_maps_2089,The Tidy Bakery And Coffee,cafe,184.57,,,,
MATCH:overture:overture:d71a0e34-5ae5-4a9f-8417-d71ebdc75899,NEW_CANDIDATE,NEW_CANDIDATE,0.4877,MACHINE_SUGGESTED,UNCERTAIN,INSUFFICIENT_INDEPENDENT_EVIDENCE,[],PENDING_HUMAN_REVIEW,overture,overture:d71a0e34-5ae5-4a9f-8417-d71ebdc75899,Bún Bò Bà Lợi,restaurant,google_maps_1818,Bo'Bo Food,restaurant,743.98,,,,
MATCH:overture:overture:d9c8f3ec-3000-48a2-b5b5-80311d469369,NEW_CANDIDATE,NEW_CANDIDATE,0.3188,MACHINE_SUGGESTED,UNCERTAIN,INSUFFICIENT_INDEPENDENT_EVIDENCE,[],PENDING_HUMAN_REVIEW,overture,overture:d9c8f3ec-3000-48a2-b5b5-80311d469369,Aura Nail & Beauty,nail,foody_404,Bánh Mì Nướng Lạng Sơn - Phan Thanh,restaurant,98.53,,,,
MATCH:overture:overture:dae7da08-24b0-4bf9-b402-68f6675d030f,NEW_CANDIDATE,NEW_CANDIDATE,0.3464,MACHINE_SUGGESTED,UNCERTAIN,INSUFFICIENT_INDEPENDENT_EVIDENCE,[],PENDING_HUMAN_REVIEW,overture,overture:dae7da08-24b0-4bf9-b402-68f6675d030f,BC Car VN,automotive,google_maps_3838,KHÁCH SẠN SALYNA,shopping,87.16,,,,
MATCH:overture:overture:dc630d71-0124-4c31-809d-7c4ba213b416,NEW_CANDIDATE,NEW_CANDIDATE,0,MACHINE_SUGGESTED,UNCERTAIN,INSUFFICIENT_INDEPENDENT_EVIDENCE,[],PENDING_HUMAN_REVIEW,overture,overture:dc630d71-0124-4c31-809d-7c4ba213b416,Điện Lạnh Đà Nẵng,hvac,,,,,,,,
MATCH:overture:overture:dd745b75-3129-41d5-8284-d6799cd7e5f4,HIGH_CONFIDENCE_MATCH,HIGH_CONFIDENCE_MATCH,0.9953,MACHINE_SUGGESTED,UNCERTAIN,INSUFFICIENT_INDEPENDENT_EVIDENCE,[],PENDING_HUMAN_REVIEW,overture,overture:dd745b75-3129-41d5-8284-d6799cd7e5f4,Cafe Cỏ Thơm,cafe,google_maps_1277,Cafe Cỏ Thơm,cafe,11.72,,,,
MATCH:overture:overture:dd8294a3-2815-4ed1-a20e-ce6f25698524,HIGH_CONFIDENCE_MATCH,HIGH_CONFIDENCE_MATCH,0.9979,MACHINE_SUGGESTED,UNCERTAIN,INSUFFICIENT_INDEPENDENT_EVIDENCE,[],PENDING_HUMAN_REVIEW,overture,overture:dd8294a3-2815-4ed1-a20e-ce6f25698524,Nhà hàng hải sản Sơn Biển Đông,restaurant,google_maps_1143,Nhà hàng hải sản Sơn Biển Đông,restaurant,5.31,,,,
MATCH:overture:overture:de2c1881-bef8-4fdd-9435-49690f7a6d88,AMBIGUOUS,AMBIGUOUS,0.8882,MACHINE_SUGGESTED,UNCERTAIN,INSUFFICIENT_INDEPENDENT_EVIDENCE,[],PENDING_HUMAN_REVIEW,overture,overture:de2c1881-bef8-4fdd-9435-49690f7a6d88,Mì Quảng Bà Mua - Ông Ích Đường,restaurant,foody_1118,Mì Quảng Bà Mua - Ông Ích Đường,restaurant,279.57,,,,
MATCH:overture:overture:e0167cd2-f710-41af-a101-d28f0462161b,NEW_CANDIDATE,NEW_CANDIDATE,0.3507,MACHINE_SUGGESTED,UNCERTAIN,INSUFFICIENT_INDEPENDENT_EVIDENCE,[],PENDING_HUMAN_REVIEW,overture,overture:e0167cd2-f710-41af-a101-d28f0462161b,Casa de Tan De,accommodation,google_maps_1193,Phòng trà Lãng Du,nightlife,135.1,,,,
MATCH:overture:overture:e1059de3-a57f-4fd3-84b5-ae1aec4d956e,NEW_CANDIDATE,NEW_CANDIDATE,0.4407,MACHINE_SUGGESTED,UNCERTAIN,INSUFFICIENT_INDEPENDENT_EVIDENCE,[],PENDING_HUMAN_REVIEW,overture,overture:e1059de3-a57f-4fd3-84b5-ae1aec4d956e,Ăn vặt Beer Mỡ,restaurant,google_maps_915,Nhài cafe and more,cafe,115.13,,,,
MATCH:overture:overture:e16659be-5ce4-466d-81e0-e66050779b92,NEW_CANDIDATE,NEW_CANDIDATE,0.2999,MACHINE_SUGGESTED,UNCERTAIN,INSUFFICIENT_INDEPENDENT_EVIDENCE,[],PENDING_HUMAN_REVIEW,overture,overture:e16659be-5ce4-466d-81e0-e66050779b92,OHG Store - Phụ kiện công nghệ,mobile,google_maps_1258,NÉT - QUÁN NHẬU XUYÊN ĐÊM,restaurant,61.08,,,,
MATCH:overture:overture:e2f425ba-baae-4cf5-9aa6-132155832ce7,NEW_CANDIDATE,NEW_CANDIDATE,0.3027,MACHINE_SUGGESTED,UNCERTAIN,INSUFFICIENT_INDEPENDENT_EVIDENCE,[],PENDING_HUMAN_REVIEW,overture,overture:e2f425ba-baae-4cf5-9aa6-132155832ce7,Cải tạo sửa chữa nhà tại Đà Nẵng,construction,google_maps_2035,Trà sữa ST-UP,cafe,166.06,,,,
MATCH:overture:overture:e2f7a747-2fdd-4416-b93b-613e7a4b9dde,NEW_CANDIDATE,NEW_CANDIDATE,0.431,MACHINE_SUGGESTED,UNCERTAIN,INSUFFICIENT_INDEPENDENT_EVIDENCE,[],PENDING_HUMAN_REVIEW,overture,overture:e2f7a747-2fdd-4416-b93b-613e7a4b9dde,Shop Rau Củ Lệ - 41 Tiểu La,shopping,google_maps_4303,LOUIS LUXURY HOTEL & APARTMENT,shopping,199.06,,,,
MATCH:overture:overture:e3dc5280-9627-4574-aa27-9f0cbbd9df35,PROBABLE_MATCH,PROBABLE_MATCH,0.7742,MACHINE_SUGGESTED,UNCERTAIN,INSUFFICIENT_INDEPENDENT_EVIDENCE,[],PENDING_HUMAN_REVIEW,overture,overture:e3dc5280-9627-4574-aa27-9f0cbbd9df35,Trà Sữa Cafe FALYN,cafe,google_maps_2915,Trà sữa Happy,cafe,118.42,,,,
MATCH:overture:overture:e40ac62f-3e54-41ce-bc9a-c314c44a40a5,NEW_CANDIDATE,NEW_CANDIDATE,0.2661,MACHINE_SUGGESTED,UNCERTAIN,INSUFFICIENT_INDEPENDENT_EVIDENCE,[],PENDING_HUMAN_REVIEW,overture,overture:e40ac62f-3e54-41ce-bc9a-c314c44a40a5,Bất Động Sản Miền Trung,real,google_maps_2868,Bravo Pizzeria,restaurant,149.87,,,,
MATCH:overture:overture:e502320b-77b7-440f-8050-a4be265470f4,NEW_CANDIDATE,NEW_CANDIDATE,0.5479,MACHINE_SUGGESTED,UNCERTAIN,INSUFFICIENT_INDEPENDENT_EVIDENCE,[],PENDING_HUMAN_REVIEW,overture,overture:e502320b-77b7-440f-8050-a4be265470f4,Cá nục hấp Bà Xin,restaurant,google_maps_1883,Quán cơm hến ( ngô gia tự),restaurant,83.01,,,,
MATCH:overture:overture:e74bacac-6acb-4e71-8a9d-149891c75267,NEW_CANDIDATE,NEW_CANDIDATE,0.3464,MACHINE_SUGGESTED,UNCERTAIN,INSUFFICIENT_INDEPENDENT_EVIDENCE,[],PENDING_HUMAN_REVIEW,overture,overture:e74bacac-6acb-4e71-8a9d-149891c75267,Công Ty TNHH Giao Dịch Hàng Hóa Mex,financial,google_maps_1924,Phuong Tran Apartment and Hotel,shopping,172.51,,,,
MATCH:overture:overture:e7e45c93-90cd-4944-9d19-70ae2c3695cd,NEW_CANDIDATE,NEW_CANDIDATE,0.3112,MACHINE_SUGGESTED,UNCERTAIN,INSUFFICIENT_INDEPENDENT_EVIDENCE,[],PENDING_HUMAN_REVIEW,overture,overture:e7e45c93-90cd-4944-9d19-70ae2c3695cd,Vận Tải Minh Khôi Chuyển Trọ Chuyển Nhà Đà Nẵng,transportation,foody_277,Cơm Tấm Ngon - 85 Hà Huy Tập,restaurant,205.38,,,,
MATCH:overture:overture:ea0fe2ec-9b31-474e-8227-005400e143ae,NEW_CANDIDATE,NEW_CANDIDATE,0.5422,MACHINE_SUGGESTED,UNCERTAIN,INSUFFICIENT_INDEPENDENT_EVIDENCE,[],PENDING_HUMAN_REVIEW,overture,overture:ea0fe2ec-9b31-474e-8227-005400e143ae,Quán Nhậu Tuấn,restaurant,google_maps_1897,Quán Nhậu 08,restaurant,553.6,,,,
MATCH:overture:overture:eb0cf2d4-cac7-48e8-97f9-14179b080a12,NEW_CANDIDATE,NEW_CANDIDATE,0.2822,MACHINE_SUGGESTED,UNCERTAIN,INSUFFICIENT_INDEPENDENT_EVIDENCE,[],PENDING_HUMAN_REVIEW,overture,overture:eb0cf2d4-cac7-48e8-97f9-14179b080a12,Ly Na spa -Đà Nẵng,spas,foody_222,Hải Sản Cô Ba - Bế Văn Đàn,restaurant,96.57,,,,
MATCH:overture:overture:ec28057d-d711-412e-ab24-62278f68ad3a,PROBABLE_MATCH,PROBABLE_MATCH,0.9523,MACHINE_SUGGESTED,UNCERTAIN,INSUFFICIENT_INDEPENDENT_EVIDENCE,[],PENDING_HUMAN_REVIEW,overture,overture:ec28057d-d711-412e-ab24-62278f68ad3a,Mỳ Quảng Cá Lóc Bà Kiều,restaurant,google_maps_1652,Mì quảng cá lóc Bà Kiều,restaurant,56.15,,,,
MATCH:overture:overture:ef5730db-2ac5-43e6-a84f-f8564a20aa2c,HIGH_CONFIDENCE_MATCH,HIGH_CONFIDENCE_MATCH,0.9837,MACHINE_SUGGESTED,UNCERTAIN,INSUFFICIENT_INDEPENDENT_EVIDENCE,[],PENDING_HUMAN_REVIEW,overture,overture:ef5730db-2ac5-43e6-a84f-f8564a20aa2c,Đồng Tiến Bakery,bakery,google_maps_1946,Đồng Tiến Bakery,bakery,40.86,,,,
MATCH:overture:overture:efb62459-c5d0-45e8-86b2-2618a5a17208,NEW_CANDIDATE,NEW_CANDIDATE,0.5067,MACHINE_SUGGESTED,UNCERTAIN,INSUFFICIENT_INDEPENDENT_EVIDENCE,[],PENDING_HUMAN_REVIEW,overture,overture:efb62459-c5d0-45e8-86b2-2618a5a17208,Quán Duy Thông,restaurant,google_maps_2670,Bún Chả Hà Nội,restaurant,197.63,,,,
MATCH:overture:overture:f1425010-c0d4-4166-a50e-5820e10e6bc3,AMBIGUOUS,AMBIGUOUS,0.7884,MACHINE_SUGGESTED,UNCERTAIN,INSUFFICIENT_INDEPENDENT_EVIDENCE,[],PENDING_HUMAN_REVIEW,overture,overture:f1425010-c0d4-4166-a50e-5820e10e6bc3,Túc Tắc Tea Đà Nẵng - Lê Đình Dương,cafe,google_maps_144,Trà Sữa 1000% - Lê Đình Dương,cafe,27.2,,,,
MATCH:overture:overture:f23017e7-8a1b-4461-966e-4d8cbb7349e2,NEW_CANDIDATE,NEW_CANDIDATE,0.4846,MACHINE_SUGGESTED,UNCERTAIN,INSUFFICIENT_INDEPENDENT_EVIDENCE,[],PENDING_HUMAN_REVIEW,overture,overture:f23017e7-8a1b-4461-966e-4d8cbb7349e2,Tháp Beer Quán,restaurant,google_maps_1820,Jollibee Vincom Đà Nẵng,restaurant,128.44,,,,
MATCH:overture:overture:f3229370-0552-49e9-a09b-25964903a7fa,NEW_CANDIDATE,NEW_CANDIDATE,0.4835,MACHINE_SUGGESTED,UNCERTAIN,INSUFFICIENT_INDEPENDENT_EVIDENCE,[],PENDING_HUMAN_REVIEW,overture,overture:f3229370-0552-49e9-a09b-25964903a7fa,Cafe Vách Đá,cafe,google_maps_2918,Trà sữa Gold,cafe,82.84,,,,
MATCH:overture:overture:f37e5c4e-0a6d-4aa3-86ba-bfcf84222c8d,HIGH_CONFIDENCE_MATCH,HIGH_CONFIDENCE_MATCH,0.9833,MACHINE_SUGGESTED,UNCERTAIN,INSUFFICIENT_INDEPENDENT_EVIDENCE,[],PENDING_HUMAN_REVIEW,overture,overture:f37e5c4e-0a6d-4aa3-86ba-bfcf84222c8d,Cafe LyLy,cafe,google_maps_5314,Cafe LyLy,cafe,41.63,,,,
MATCH:overture:overture:f3ed387d-cd85-4cd8-a87c-f3088b8ccadf,HIGH_CONFIDENCE_MATCH,HIGH_CONFIDENCE_MATCH,0.9969,MACHINE_SUGGESTED,UNCERTAIN,INSUFFICIENT_INDEPENDENT_EVIDENCE,[],PENDING_HUMAN_REVIEW,overture,overture:f3ed387d-cd85-4cd8-a87c-f3088b8ccadf,Uyên Vy Coffee,cafe,google_maps_526,Uyên Vy Coffee,cafe,7.86,,,,
MATCH:overture:overture:f873542b-5076-4f36-8ce5-1b265a7eb56e,NEW_CANDIDATE,NEW_CANDIDATE,0.2678,MACHINE_SUGGESTED,UNCERTAIN,INSUFFICIENT_INDEPENDENT_EVIDENCE,[],PENDING_HUMAN_REVIEW,overture,overture:f873542b-5076-4f36-8ce5-1b265a7eb56e,ICT Solutions - CMC Telecom Đà Nẵng,professional,foody_295,SaSin - Mì Cay 7 Cấp Độ Hàn Quốc - Nguyễn Văn Linh,restaurant,82.69,,,,
MATCH:overture:overture:fadefbfb-a0b7-46ec-baa8-3c9dde567082,NEW_CANDIDATE,NEW_CANDIDATE,0.5066,MACHINE_SUGGESTED,UNCERTAIN,INSUFFICIENT_INDEPENDENT_EVIDENCE,[],PENDING_HUMAN_REVIEW,overture,overture:fadefbfb-a0b7-46ec-baa8-3c9dde567082,Pizza Xanh Lá,restaurant,google_maps_104,Jollibee Phan Đăng Lưu,restaurant,244.88,,,,
MATCH:overture:overture:fbb5c706-9bc5-404f-acb8-4f3b459c4065,PROBABLE_MATCH,PROBABLE_MATCH,0.9627,MACHINE_SUGGESTED,UNCERTAIN,INSUFFICIENT_INDEPENDENT_EVIDENCE,[],PENDING_HUMAN_REVIEW,overture,overture:fbb5c706-9bc5-404f-acb8-4f3b459c4065,Cà phê điểm hẹn,cafe,google_maps_792,Cà phê điểm hẹn,cafe,93.31,,,,
MATCH:overture:overture:fee3dbb4-f896-4780-997c-aa54a45457ec,NEW_CANDIDATE,NEW_CANDIDATE,0.2711,MACHINE_SUGGESTED,UNCERTAIN,INSUFFICIENT_INDEPENDENT_EVIDENCE,[],PENDING_HUMAN_REVIEW,overture,overture:fee3dbb4-f896-4780-997c-aa54a45457ec,MindX Technology School,education,google_maps_1967,KFC Big C Đà Nẵng,restaurant,74.37,,,,
MATCH:overture:overture:ff8eace1-33b3-41c7-9f89-2d2fea10e83e,NEW_CANDIDATE,NEW_CANDIDATE,0.5286,MACHINE_SUGGESTED,UNCERTAIN,INSUFFICIENT_INDEPENDENT_EVIDENCE,[],PENDING_HUMAN_REVIEW,overture,overture:ff8eace1-33b3-41c7-9f89-2d2fea10e83e,Bo Bo Quán _01 Lý Thái Tông_ Đà Nẵng,restaurant,google_maps_1207,Tiệm Gà Rán - Mì Cay TUS+,restaurant,142.68,,,,
